timestamp,3cdaf029c87a002_write,3cdaf029c87a002_read,512e070e8eb32959_write,512e070e8eb32959_read,5b3ba363fb10d52f_write,5b3ba363fb10d52f_read,6181f76d6668aeb0_write,6181f76d6668aeb0_read,69948e3d245f62b7_write,69948e3d245f62b7_read,69f554c3f7f50a72_write,69f554c3f7f50a72_read,8861d1f6a0217629_write,8861d1f6a0217629_read,933ca51d2bb602b8_write,933ca51d2bb602b8_read,b92b49a4de72942d_write,b92b49a4de72942d_read
1760767450,0,0,0,0,0,0,0,0,0,0,0,0,0,0,0,0,0,0
1760767452,0,0,0,0,0,0,0,0,0,0,15,13,0,0,90,81,0,1
1760767454,0,0,0,0,0,0,0,0,0,0,0,0,0,0,0,0,0,0
1760767456,0,0,0,0,0,0,0,0,0,0,0,0,0,0,0,0,0,0
1760767458,0,0,0,0,0,0,0,0,0,0,0,0,0,0,0,0,0,0
1760767460,0,0,0,0,0,0,0,0,0,0,7,1,0,0,6,3,9,2
1760767462,0,0,0,0,0,0,0,0,0,0,17,24,0,0,0,0,40,24
1760767464,0,0,0,0,0,0,0,0,0,0,0,0,0,0,0,0,31,33
1760767466,0,0,0,0,0,0,0,0,0,0,0,0,0,0,0,0,2,1
1760767468,0,0,0,0,0,0,0,0,0,0,0,0,0,0,0,0,0,0
1760767470,0,0,0,0,0,0,0,0,0,0,3,6,0,0,4,3,4,7
1760767472,0,0,0,0,0,0,0,0,0,0,24,24,0,0,0,0,1,2
1760767474,0,0,0,0,0,0,0,0,0,0,27,22,0,0,0,0,0,0
1760767476,0,0,0,0,0,0,0,0,0,0,25,24,0,0,0,0,0,0
1760767478,0,0,0,0,0,0,0,0,0,0,13,11,0,0,0,0,0,0
1760767480,0,0,0,0,0,0,0,0,0,0,3,5,0,0,86,105,0,1
1760767482,0,0,0,0,0,0,0,0,0,0,0,0,0,0,0,0,0,0
1760767484,0,0,0,0,0,0,0,0,0,0,0,0,0,0,0,0,0,0
1760767486,0,0,0,0,0,0,0,0,0,0,0,0,0,0,0,0,0,0
1760767488,0,0,0,0,0,0,0,0,0,0,0,0,0,0,0,0,0,0
1760767490,0,0,0,0,0,0,0,0,0,0,3,6,0,0,1,0,7,4
1760767492,0,0,0,0,0,0,0,0,0,0,19,17,0,0,0,0,40,24
1760767494,0,0,0,0,0,0,0,0,0,0,0,0,0,0,0,0,36,29
1760767496,0,0,0,0,0,0,0,0,0,0,0,0,0,0,0,0,8,6
1760767498,0,0,0,0,0,0,0,0,0,0,0,0,0,0,0,0,0,0
1760767500,0,0,0,0,0,0,0,0,0,0,6,2,0,0,21,21,6,6
1760767502,0,0,0,0,0,0,0,0,0,0,23,26,0,0,0,0,4,4
1760767504,0,0,0,0,0,0,0,0,0,0,20,28,0,0,0,0,0,0
1760767506,0,0,0,0,0,0,0,0,0,0,17,15,0,0,0,0,0,0
1760767508,0,0,0,0,0,0,0,0,0,0,0,0,0,0,0,0,0,0
1760767510,0,0,0,0,0,0,0,0,0,0,3,5,0,0,74,48,6,2
1760767512,0,0,0,0,0,0,0,0,0,0,22,27,0,0,0,0,0,0
1760767514,0,0,0,0,0,0,0,0,0,0,5,8,0,0,0,0,0,0
1760767516,0,0,0,0,0,0,0,0,0,0,0,0,0,0,0,0,0,0
1760767518,0,0,0,0,0,0,0,0,0,0,0,0,0,0,0,0,0,0
1760767520,0,0,0,0,0,0,0,0,0,0,2,6,0,0,5,10,4,7
1760767522,0,0,0,0,0,0,0,0,0,0,2,3,0,0,0,0,34,31
1760767524,0,0,0,0,0,0,0,0,0,0,0,0,0,0,0,0,35,29
1760767526,0,0,0,0,0,0,0,0,0,0,0,0,0,0,0,0,11,21
1760767528,0,0,0,0,0,0,0,0,0,0,0,0,0,0,0,0,0,0
1760767530,0,0,0,0,0,0,0,0,0,0,1,7,0,0,18,21,4,7
1760767532,0,0,0,0,0,0,0,0,0,0,25,24,0,0,0,0,9,4
1760767534,0,0,0,0,0,0,0,0,0,0,28,21,0,0,0,0,0,0
1760767536,0,0,0,0,0,0,0,0,0,0,18,14,0,0,0,0,0,0
1760767538,0,0,0,0,0,0,0,0,0,0,0,0,0,0,0,0,0,0
1760767540,0,0,0,0,0,0,0,0,0,0,3,5,0,0,88,97,1,0
1760767542,0,0,0,0,0,0,0,0,0,0,3,4,0,0,0,0,0,0
1760767544,0,0,0,0,0,0,0,0,0,0,0,0,0,0,0,0,0,0
1760767546,0,0,0,0,0,0,0,0,0,0,0,0,0,0,0,0,0,0
1760767548,0,0,0,0,0,0,0,0,0,0,0,0,0,0,0,0,0,0
1760767550,0,0,0,0,0,0,0,0,0,0,2,3,0,0,3,8,7,5
1760767552,0,0,0,0,0,0,0,0,0,0,0,0,0,0,0,0,34,30
1760767554,0,0,0,0,0,0,0,0,0,0,0,0,0,0,0,0,36,28
1760767556,0,0,0,0,0,0,0,0,0,0,0,0,0,0,0,0,20,24
1760767558,0,0,0,0,0,0,0,0,0,0,0,0,0,0,0,0,0,0
1760767560,0,0,0,0,0,0,0,0,0,0,6,2,0,0,25,22,3,3
1760767562,0,0,0,0,0,0,0,0,0,0,25,24,0,0,0,0,0,0
1760767564,0,0,0,0,0,0,0,0,0,0,25,23,0,0,0,0,0,0
1760767566,0,0,0,0,0,0,0,0,0,0,21,21,0,0,0,0,0,0
1760767568,0,0,0,0,0,0,0,0,0,0,0,0,0,0,0,0,0,0
1760767570,0,0,0,0,0,0,0,0,0,0,1,1,0,0,100,97,1,0
1760767572,0,0,0,0,0,0,0,0,0,0,0,0,0,0,0,0,0,0
1760767574,0,0,0,0,0,0,0,0,0,0,0,0,0,0,0,0,0,0
1760767576,0,0,0,0,0,0,0,0,0,0,0,0,0,0,0,0,0,0
1760767578,0,0,0,0,0,0,0,0,0,0,0,0,0,0,0,0,0,0
1760767580,0,0,0,0,0,0,0,0,0,0,4,5,0,0,0,4,3,8
1760767582,0,0,0,0,0,0,0,0,0,0,28,21,0,0,0,0,40,25
1760767584,0,0,0,0,0,0,0,0,0,0,6,5,0,0,0,0,23,28
1760767586,0,0,0,0,0,0,0,0,0,0,0,0,0,0,0,0,0,0
1760767588,0,0,0,0,0,0,0,0,0,0,0,0,0,0,0,0,0,0
1760767590,0,0,0,0,0,0,0,0,0,0,6,3,0,0,1,4,3,4
1760767592,0,0,0,0,0,0,0,0,0,0,22,26,0,0,0,0,0,0
1760767594,0,0,0,0,0,0,0,0,0,0,27,22,0,0,0,0,0,0
1760767596,0,0,0,0,0,0,0,0,0,0,21,28,0,0,0,0,0,0
1760767598,0,0,0,0,0,0,0,0,0,0,20,13,0,0,0,0,0,0
1760767600,0,0,0,0,0,0,0,0,0,0,2,2,0,0,82,103,6,5
1760767602,0,0,0,0,0,0,0,0,0,0,0,0,0,0,0,0,0,0
1760767604,0,0,0,0,0,0,0,0,0,0,0,0,0,0,0,0,0,0
1760767606,0,0,0,0,0,0,0,0,0,0,0,0,0,0,0,0,0,0
1760767608,0,0,0,0,0,0,0,0,0,0,0,0,0,0,0,0,0,0
1760767610,0,0,0,0,0,0,0,0,0,0,0,1,0,0,13,23,6,5
1760767612,0,0,0,0,0,0,0,0,0,0,0,0,0,0,0,0,36,28
1760767614,0,0,0,0,0,0,0,0,0,0,0,0,0,0,0,0,30,35
1760767616,0,0,0,0,0,0,0,0,0,0,0,0,0,0,0,0,13,10
1760767618,0,0,0,0,0,0,0,0,0,0,0,0,0,0,0,0,0,0
1760767620,0,0,0,0,0,0,0,0,0,0,3,4,0,0,17,11,7,4
1760767622,0,0,0,0,0,0,0,0,0,0,22,27,0,0,0,0,5,6
1760767624,0,0,0,0,0,0,0,0,0,0,25,24,0,0,0,0,0,0
1760767626,0,0,0,0,0,0,0,0,0,0,21,24,0,0,0,0,0,0
1760767628,0,0,0,0,0,0,0,0,0,0,0,0,0,0,0,0,0,0
1760767630,0,0,0,0,0,0,0,0,0,0,1,4,0,0,82,104,6,2
1760767632,0,0,0,0,0,0,0,0,0,0,0,0,0,0,0,0,0,0
1760767634,0,0,0,0,0,0,0,0,0,0,0,0,0,0,0,0,0,0
1760767636,0,0,0,0,0,0,0,0,0,0,0,0,0,0,0,0,0,0
1760767638,0,0,0,0,0,0,0,0,0,0,0,0,0,0,0,0,0,0
1760767640,0,0,0,0,0,0,0,0,0,0,2,3,0,0,4,2,6,5
1760767642,0,0,0,0,0,0,0,0,0,0,0,0,0,0,0,0,27,38
1760767644,0,0,0,0,0,0,0,0,0,0,0,0,0,0,0,0,39,25
1760767646,0,0,0,0,0,0,0,0,0,0,0,0,0,0,0,0,19,30
1760767648,0,0,0,0,0,0,0,0,0,0,0,0,0,0,0,0,0,0
1760767650,0,0,0,0,0,0,0,0,0,0,4,4,0,0,10,13,1,0
1760767652,0,0,0,0,0,0,0,0,0,0,25,24,0,0,0,0,0,0
1760767654,0,0,0,0,0,0,0,0,0,0,25,23,0,0,0,0,0,0
1760767656,0,0,0,0,0,0,0,0,0,0,19,30,0,0,0,0,0,0
1760767658,0,0,0,0,0,0,0,0,0,0,15,7,0,0,0,0,0,0
1760767660,0,0,0,0,0,0,0,0,0,0,3,5,0,0,67,71,9,2
1760767662,0,0,0,0,0,0,0,0,0,0,23,19,0,0,0,0,1,0
1760767664,0,0,0,0,0,0,0,0,0,0,0,0,0,0,0,0,0,0
1760767666,0,0,0,0,0,0,0,0,0,0,0,0,0,0,0,0,0,0
1760767668,0,0,0,0,0,0,0,0,0,0,0,0,0,0,0,0,0,0
1760767670,0,0,0,0,0,0,0,0,0,0,5,4,0,0,5,4,3,8
1760767672,0,0,0,0,0,0,0,0,0,0,27,21,0,0,0,0,29,36
1760767674,0,0,0,0,0,0,0,0,0,0,3,4,0,0,0,0,26,24
1760767676,0,0,0,0,0,0,0,0,0,0,0,0,0,0,0,0,0,0
1760767678,0,0,0,0,0,0,0,0,0,0,0,0,0,0,0,0,0,0
1760767680,0,0,0,0,0,0,0,0,0,0,6,2,0,0,28,33,3,8
1760767682,0,0,0,0,0,0,0,0,0,0,25,24,0,0,0,0,0,0
1760767684,0,0,0,0,0,0,0,0,0,0,26,23,0,0,0,0,0,0
1760767686,0,0,0,0,0,0,0,0,0,0,11,11,0,0,0,0,0,0
1760767688,0,0,0,0,0,0,0,0,0,0,0,0,0,0,0,0,0,0
1760767690,0,0,0,0,0,0,0,0,0,0,3,5,0,0,81,90,3,8
1760767692,0,0,0,0,0,0,0,0,0,0,3,2,0,0,1,0,0,0
1760767694,0,0,0,0,0,0,0,0,0,0,0,0,0,0,0,0,0,0
1760767696,0,0,0,0,0,0,0,0,0,0,0,0,0,0,0,0,0,0
1760767698,0,0,0,0,0,0,0,0,0,0,0,0,0,0,0,0,0,0
1760767700,0,0,0,0,0,0,0,0,0,0,2,5,0,0,3,5,71,79
1760767702,0,0,0,0,0,0,0,0,0,0,19,16,0,0,0,0,0,0
1760767704,0,0,0,0,0,0,0,0,0,0,0,0,0,0,0,0,0,0
1760767706,0,0,0,0,0,0,0,0,0,0,0,0,0,0,0,0,0,0
1760767708,0,0,0,0,0,0,0,0,0,0,0,0,0,0,0,0,0,0
1760767710,0,0,0,0,0,0,0,0,0,0,3,3,0,0,7,3,13,24
1760767712,0,0,0,0,0,0,0,0,0,0,22,17,0,0,4,7,0,0
1760767714,0,0,0,0,0,0,0,0,0,0,24,16,0,0,0,0,0,0
1760767716,0,0,0,0,0,0,0,0,0,0,19,20,0,0,0,0,0,0
1760767718,0,0,0,0,0,0,0,0,0,0,5,12,0,0,0,0,0,0
1760767720,0,0,0,0,0,0,0,0,0,0,2,5,0,0,5,6,6,11
1760767722,0,0,0,0,0,0,0,0,0,0,2,2,0,0,29,36,0,0
1760767724,0,0,0,0,0,0,0,0,0,0,0,0,0,0,30,34,0,0
1760767726,0,0,0,0,0,0,0,0,0,0,0,0,0,0,22,10,0,0
1760767728,0,0,0,0,0,0,0,0,0,0,0,0,0,0,0,0,0,0
1760767730,0,0,0,0,0,0,0,0,0,0,20,17,0,0,3,5,2,1
1760767732,0,0,0,0,0,0,0,0,0,0,0,0,0,0,12,9,23,16
1760767734,0,0,0,0,0,0,0,0,0,0,0,0,0,0,0,0,18,21
1760767736,0,0,0,0,0,0,0,0,0,0,0,0,0,0,0,0,23,16
1760767738,0,0,0,0,0,0,0,0,0,0,0,0,0,0,0,0,6,8
1760767740,0,0,0,0,0,0,0,0,0,0,65,68,0,0,3,5,2,4
1760767742,0,0,0,0,0,0,0,0,0,0,0,0,0,0,25,19,6,3
1760767744,0,0,0,0,0,0,0,0,0,0,0,0,0,0,0,0,0,0
1760767746,0,0,0,0,0,0,0,0,0,0,0,0,0,0,0,0,0,0
1760767748,0,0,0,0,0,0,0,0,0,0,0,0,0,0,0,0,0,0
1760767750,0,0,0,0,0,0,0,0,0,0,0,1,0,0,3,5,0,1
1760767752,0,0,0,0,0,0,0,0,0,0,0,0,0,0,21,28,0,0
1760767754,0,0,0,0,0,0,0,0,0,0,0,0,0,0,0,0,0,0
1760767756,0,0,0,0,0,0,0,0,0,0,0,0,0,0,0,0,0,0
1760767758,0,0,0,0,0,0,0,0,0,0,0,0,0,0,16,7,0,0
1760767760,0,0,0,0,0,0,0,0,0,0,5,6,0,0,3,3,2,5
1760767762,0,0,0,0,0,0,0,0,0,0,0,0,0,0,9,9,21,18
1760767764,0,0,0,0,0,0,0,0,0,0,2,3,0,0,0,0,21,16
1760767766,0,0,0,0,0,0,0,0,0,0,0,0,0,0,0,0,31,34
1760767768,0,0,0,0,0,0,0,0,0,0,0,0,0,0,0,0,2,1
1760767770,0,0,0,0,0,0,0,0,0,0,3,6,0,0,1,2,7,3
1760767772,0,0,0,0,0,0,0,0,0,0,28,20,0,0,0,0,0,0
1760767774,0,0,0,0,0,0,0,0,0,0,25,24,0,0,0,0,0,0
1760767776,0,0,0,0,0,0,0,0,0,0,17,32,0,0,0,0,0,0
1760767778,0,0,0,0,0,0,0,0,0,0,15,17,0,0,0,0,0,0
1760767780,0,0,0,0,0,0,0,0,0,0,6,2,0,0,68,70,1,0
1760767782,0,0,0,0,0,0,0,0,0,0,0,0,0,0,0,0,0,0
1760767784,0,0,0,0,0,0,0,0,0,0,0,0,0,0,0,0,0,0
1760767786,0,0,0,0,0,0,0,0,0,0,0,0,0,0,0,0,5,11
1760767788,0,0,0,0,0,0,0,0,0,0,0,0,0,0,0,0,0,0
1760767790,0,0,0,0,0,0,0,0,0,0,3,4,0,0,4,6,69,76
1760767794,0,0,0,0,0,0,0,0,0,0,8,14,0,0,0,0,0,0
1760767796,0,0,0,0,0,0,0,0,0,0,11,19,0,0,0,0,0,0
1760767798,0,0,0,0,0,0,0,0,0,0,0,0,0,0,0,0,0,0
1760767800,0,0,0,0,0,0,0,0,0,0,4,4,0,0,15,10,4,7
1760767802,0,0,0,0,0,0,0,0,0,0,18,31,0,0,0,0,15,12
1760767804,0,0,0,0,0,0,0,0,0,0,24,25,0,0,0,0,0,0
1760767806,0,0,0,0,0,0,0,0,0,0,12,19,0,0,0,0,0,0
1760767808,0,0,0,0,0,0,0,0,0,0,0,0,0,0,0,0,0,0
1760767810,0,0,0,0,0,0,0,0,0,0,2,5,0,0,89,101,1,2
1760767812,0,0,0,0,0,0,0,0,0,0,0,0,0,0,0,0,0,0
1760767814,0,0,0,0,0,0,0,0,0,0,0,0,0,0,0,0,0,0
1760767816,0,0,0,0,0,0,0,0,0,0,0,0,0,0,0,0,0,0
1760767818,0,0,0,0,0,0,0,0,0,0,0,0,0,0,0,0,0,0
1760767822,0,0,0,0,0,0,0,0,0,0,0,0,0,0,0,0,0,0
1760767824,0,0,0,0,0,0,0,0,0,0,0,0,0,0,1,2,1,2
1760767826,0,0,0,0,0,0,0,0,0,0,0,0,0,0,0,0,0,0
1760767828,0,0,0,0,0,0,0,0,0,0,0,0,0,0,0,0,7,10
1760767830,0,0,0,0,0,0,0,0,0,0,105,88,0,0,1,3,16,20
1760767832,0,0,0,0,0,0,0,0,0,0,0,0,0,0,0,0,0,0
1760767834,0,0,0,0,0,0,0,0,0,0,0,0,0,0,0,0,0,0
1760767836,0,0,0,0,0,0,0,0,0,0,0,0,0,0,0,0,0,0
1760767838,0,0,0,0,0,0,0,0,0,0,0,0,0,0,0,0,0,0
1760767840,0,0,0,0,0,0,0,0,0,0,22,27,0,0,3,5,3,3
1760767842,0,0,0,0,0,0,0,0,0,0,0,0,0,0,21,28,1,3
1760767844,0,0,0,0,0,0,0,0,0,0,0,0,0,0,0,0,0,0
1760767848,0,0,0,0,0,0,0,0,0,0,0,0,0,0,7,2,0,0
1760767850,0,0,0,0,0,0,0,0,0,0,2,5,0,0,1,6,81,84
1760767852,0,0,0,0,0,0,0,0,0,0,10,10,0,0,1,1,0,0
1760767854,0,0,0,0,0,0,0,0,0,0,0,0,0,0,4,1,0,0
1760767856,0,0,0,0,0,0,0,0,0,0,0,0,0,0,0,0,0,0
1760767858,0,0,0,0,0,0,0,0,0,0,0,0,0,0,0,0,0,0
1760767860,0,0,0,0,0,0,0,0,0,0,5,4,0,0,1,2,3,8
1760767862,0,0,0,0,0,0,0,0,0,0,27,21,0,0,0,0,12,7
1760767864,0,0,0,0,0,0,0,0,0,0,24,25,0,0,0,0,0,0
1760767866,0,0,0,0,0,0,0,0,0,0,23,25,0,0,0,0,0,0
1760767868,0,0,0,0,0,0,0,0,0,0,6,7,0,0,0,0,0,0
1760767870,0,0,0,0,0,0,0,0,0,0,5,3,0,0,75,77,7,2
1760767872,0,0,0,0,0,0,0,0,0,0,12,19,0,0,0,0,0,0
1760767874,0,0,0,0,0,0,0,0,0,0,0,0,0,0,0,0,0,0
1760767876,0,0,0,0,0,0,0,0,0,0,0,0,0,0,0,0,0,0
1760767878,0,0,0,0,0,0,0,0,0,0,0,0,0,0,0,0,0,0
1760767880,0,0,0,0,0,0,0,0,0,0,0,1,0,0,1,0,5,2
1760767882,0,0,0,0,0,0,0,0,0,0,0,0,0,0,0,0,27,11
1760767884,0,0,0,0,0,0,0,0,0,0,0,0,0,0,0,0,69,71
1760767886,0,0,0,0,0,0,0,0,0,0,0,0,0,0,0,0,0,0
1760767888,0,0,0,0,0,0,0,0,0,0,0,0,0,0,0,0,9,7
1760767892,0,0,0,0,0,0,0,0,0,0,0,0,0,0,0,0,0,0
1760767894,0,0,0,0,0,0,0,0,0,0,0,0,0,0,0,0,0,0
1760767896,0,0,0,0,0,0,0,0,0,0,0,0,0,0,0,0,0,0
1760767898,0,0,0,0,0,0,0,0,0,0,0,0,0,0,36,26,0,0
1760767900,0,0,0,0,0,0,0,0,0,0,4,4,0,0,72,57,5,6
1760767902,0,0,0,0,0,0,0,0,0,0,19,19,0,0,0,0,9,5
1760767904,0,0,0,0,0,0,0,0,0,0,0,0,0,0,0,0,0,0
1760767906,0,0,0,0,0,0,0,0,0,0,0,0,0,0,0,0,0,0
1760767908,0,0,0,0,0,0,0,0,0,0,0,0,0,0,0,0,0,0
1760767910,0,0,0,0,0,0,0,0,0,0,4,2,0,0,3,4,93,90
1760767914,0,0,0,0,0,0,0,0,0,0,0,0,0,0,2,0,0,0
1760767916,0,0,0,0,0,0,0,0,0,0,0,0,0,0,0,0,0,0
1760767918,0,0,0,0,0,0,0,0,0,0,0,0,0,0,0,0,0,0
1760767920,0,0,0,0,0,0,0,0,0,0,4,4,0,0,23,37,7,4
1760767922,0,0,0,0,0,0,0,0,0,0,20,29,0,0,0,0,3,1
1760767924,0,0,0,0,0,0,0,0,0,0,22,27,0,0,0,0,0,0
1760767926,0,0,0,0,0,0,0,0,0,0,12,7,0,0,0,0,0,0
1760767928,0,0,0,0,0,0,0,0,0,0,0,0,0,0,0,0,0,0
1760767930,0,0,0,0,0,0,0,0,0,0,0,1,0,0,100,100,1,0
1760767932,0,0,0,0,0,0,0,0,0,0,0,0,0,0,0,0,0,0
1760767934,0,0,0,0,0,0,0,0,0,0,0,0,0,0,0,0,0,0
1760767936,0,0,0,0,0,0,0,0,0,0,0,0,0,0,0,0,0,0
1760767938,0,0,0,0,0,0,0,0,0,0,0,0,0,0,0,0,0,0
1760767940,0,0,0,0,0,0,0,0,0,0,1,0,0,0,0,2,90,108
1760767942,0,0,0,0,0,0,0,0,0,0,0,0,0,0,0,0,0,0
1760767944,0,0,0,0,0,0,0,0,0,0,0,0,0,0,0,0,0,0
1760767946,0,0,0,0,0,0,0,0,0,0,0,0,0,0,0,0,0,0
1760767948,0,0,0,0,0,0,0,0,0,0,0,0,0,0,0,0,0,0
1760767950,0,0,0,0,0,0,0,0,0,0,3,3,0,0,6,4,14,15
1760767952,0,0,0,0,0,0,0,0,0,0,15,24,0,0,21,19,0,0
1760767954,0,0,0,0,0,0,0,0,0,0,0,0,0,0,0,0,0,0
1760767956,0,0,0,0,0,0,0,0,0,0,0,0,0,0,0,0,0,0
1760767958,0,0,0,0,0,0,0,0,0,0,0,0,0,0,0,0,0,0
1760767960,0,0,0,0,0,0,0,0,0,0,6,3,0,0,86,89,6,5
1760767962,0,0,0,0,0,0,0,0,0,0,4,3,0,0,0,0,1,2
1760767964,0,0,0,0,0,0,0,0,0,0,0,0,0,0,0,0,0,0
1760767966,0,0,0,0,0,0,0,0,0,0,0,0,0,0,0,0,0,0
1760767968,0,0,0,0,0,0,0,0,0,0,0,0,0,0,0,0,0,0
1760767970,0,0,0,0,0,0,0,0,0,0,6,2,0,0,12,14,5,6
1760767972,0,0,0,0,0,0,0,0,0,0,15,10,0,0,0,0,34,31
1760767974,0,0,0,0,0,0,0,0,0,0,0,0,0,0,0,0,33,31
1760767976,0,0,0,0,0,0,0,0,0,0,0,0,0,0,0,0,0,0
1760767978,0,0,0,0,0,0,0,0,0,0,0,0,0,0,0,0,1,0
1760767980,0,0,0,0,0,0,0,0,0,0,0,8,0,0,25,29,9,2
1760767982,0,0,0,0,0,0,0,0,0,0,22,27,0,0,0,0,2,4
1760767984,0,0,0,0,0,0,0,0,0,0,28,21,0,0,0,0,0,0
1760767986,0,0,0,0,0,0,0,0,0,0,10,13,0,0,0,0,0,0
1760767988,0,0,0,0,0,0,0,0,0,0,0,0,0,0,0,0,0,0
1760767990,0,0,0,0,0,0,0,0,0,0,1,5,0,0,85,71,6,5
1760767992,0,0,0,0,0,0,0,0,0,0,0,0,0,0,0,0,12,15
1760767994,0,0,0,0,0,0,0,0,0,0,0,0,0,0,0,0,0,0
1760767996,0,0,0,0,0,0,0,0,0,0,0,0,0,0,0,0,0,0
1760767998,0,0,0,0,0,0,0,0,0,0,6,5,0,0,0,0,0,0
1760768000,0,0,0,0,0,0,0,0,0,0,3,4,0,0,3,0,2,4
1760768002,0,0,0,0,0,0,0,0,0,0,0,0,0,0,0,0,31,33
1760768004,0,0,0,0,0,0,0,0,0,0,0,0,0,0,0,0,9,10
1760768006,0,0,0,0,0,0,0,0,0,0,0,0,0,0,0,0,19,20
1760768008,0,0,0,0,0,0,0,0,0,0,0,0,0,0,0,0,14,18
1760768010,0,0,0,0,0,0,0,0,0,0,74,86,0,0,4,4,3,3
1760768012,0,0,0,0,0,0,0,0,0,0,0,0,0,0,11,14,0,1
1760768014,0,0,0,0,0,0,0,0,0,0,0,0,0,0,0,0,0,0
1760768016,0,0,0,0,0,0,0,0,0,0,0,0,0,0,0,0,0,0
1760768018,0,0,0,0,0,0,0,0,0,0,0,0,0,0,0,0,0,0
1760768020,0,0,0,0,0,0,0,0,0,0,1,0,0,0,4,4,5,1
1760768022,0,0,0,0,0,0,0,0,0,0,0,0,0,0,79,72,14,18
1760768024,0,0,0,0,0,0,0,0,0,0,0,0,0,0,0,0,0,0
1760768026,0,0,0,0,0,0,0,0,0,0,0,0,0,0,0,0,0,0
1760768030,0,0,0,0,0,0,0,0,0,0,5,4,0,0,12,14,5,6
1760768032,0,0,0,0,0,0,0,0,0,0,0,0,0,0,0,0,0,0
1760768034,0,0,0,0,0,0,0,0,0,0,0,0,0,0,0,0,0,0
1760768036,0,0,0,0,0,0,0,0,0,0,12,10,0,0,0,0,19,27
1760768040,0,0,0,0,0,0,0,0,0,0,97,72,0,0,22,21,21,7
1760768042,0,0,0,0,0,0,0,0,0,0,0,0,0,0,0,0,0,0
1760768044,0,0,0,0,0,0,0,0,0,0,0,0,0,0,0,0,0,0
1760768046,0,0,0,0,0,0,0,0,0,0,0,0,0,0,0,0,0,0
1760768048,0,0,0,0,0,0,0,0,0,0,0,0,0,0,0,0,0,0
1760768050,0,0,0,0,0,0,0,0,0,0,5,3,0,0,97,84,6,4
1760768052,0,0,0,0,0,0,0,0,0,0,1,0,0,0,0,0,0,0
1760768054,0,0,0,0,0,0,0,0,0,0,0,0,0,0,0,0,0,0
1760768056,0,0,0,0,0,0,0,0,0,0,0,0,0,0,0,0,0,0
1760768058,0,0,0,0,0,0,0,0,0,0,0,0,0,0,0,0,0,0
1760768062,0,0,0,0,0,0,0,0,0,0,0,0,0,0,10,9,0,1
1760768064,0,0,0,0,0,0,0,0,0,0,0,0,0,0,0,0,0,0
1760768066,0,0,0,0,0,0,0,0,0,0,0,0,0,0,0,0,0,0
1760768068,0,0,0,0,0,0,0,0,0,0,0,0,0,0,0,0,10,7
1760768070,0,0,0,0,0,0,0,0,0,0,61,59,0,0,4,4,11,25
1760768072,0,0,0,0,0,0,0,0,0,0,0,0,0,0,25,24,4,5
1760768074,0,0,0,0,0,0,0,0,0,0,0,0,0,0,4,6,0,0
1760768076,0,0,0,0,0,0,0,0,0,0,0,0,0,0,0,0,0,0
1760768078,0,0,0,0,0,0,0,0,0,0,0,0,0,0,0,0,0,0
1760768080,0,0,0,0,0,0,0,0,0,0,4,4,0,0,61,61,10,7
1760768084,0,0,0,0,0,0,0,0,0,0,0,0,0,0,0,0,0,0
1760768086,0,0,0,0,0,0,0,0,0,0,0,0,0,0,0,0,0,0
1760768088,0,0,0,0,0,0,0,0,0,0,0,0,0,0,0,0,0,0
1760768090,0,0,0,0,0,0,0,0,0,0,2,0,0,0,6,2,100,90
1760768092,0,0,0,0,0,0,0,0,0,0,0,0,0,0,0,0,0,0
1760768094,0,0,0,0,0,0,0,0,0,0,0,0,0,0,0,0,0,0
1760768096,0,0,0,0,0,0,0,0,0,0,0,0,0,0,0,0,0,0
1760768098,0,0,0,0,0,0,0,0,0,0,0,0,0,0,0,0,0,0
1760768100,0,0,0,0,0,0,0,0,0,0,5,2,0,0,6,5,1,1
1760768102,0,0,0,0,0,0,0,0,0,0,0,0,0,0,0,5,0,0
1760768104,0,0,0,0,0,0,0,0,0,0,0,0,0,0,0,0,0,0
1760768106,0,0,0,0,0,0,0,0,0,0,0,0,0,0,0,0,0,0
1760768108,0,0,0,0,0,0,0,0,0,0,0,0,0,0,0,0,0,0
1760768110,0,0,0,0,0,0,0,0,0,0,21,16,0,0,85,105,3,6
1760768112,0,0,0,0,0,0,0,0,0,0,0,0,0,0,0,0,0,0
1760768114,0,0,0,0,0,0,0,0,0,0,0,0,0,0,0,0,0,0
1760768116,0,0,0,0,0,0,0,0,0,0,0,0,0,0,0,0,0,0
1760768118,0,0,0,0,0,0,0,0,0,0,0,0,0,0,0,0,0,0
1760768120,0,0,0,0,0,0,0,0,0,0,6,3,0,0,9,10,6,5
1760768122,0,0,0,0,0,0,0,0,0,0,25,20,0,0,0,0,31,34
1760768124,0,0,0,0,0,0,0,0,0,0,0,0,0,0,0,0,24,27
1760768126,0,0,0,0,0,0,0,0,0,0,0,0,0,0,0,0,0,0
1760768128,0,0,0,0,0,0,0,0,0,0,0,0,0,0,0,0,0,0
1760768130,0,0,0,0,0,0,0,0,0,0,6,2,0,0,20,24,6,5
1760768132,0,0,0,0,0,0,0,0,0,0,22,27,0,0,0,0,6,13
1760768134,0,0,0,0,0,0,0,0,0,0,18,31,0,0,0,0,0,0
1760768136,0,0,0,0,0,0,0,0,0,0,11,9,0,0,0,0,0,0
1760768138,0,0,0,0,0,0,0,0,0,0,0,0,0,0,0,0,0,0
1760768140,0,0,0,0,0,0,0,0,0,0,3,5,0,0,96,85,0,2
1760768142,0,0,0,0,0,0,0,0,0,0,4,4,0,0,0,0,0,0
1760768144,0,0,0,0,0,0,0,0,0,0,0,0,0,0,0,0,0,0
1760768146,0,0,0,0,0,0,0,0,0,0,0,0,0,0,0,0,0,0
1760768148,0,0,0,0,0,0,0,0,0,0,0,0,0,0,0,0,0,0
1760768150,0,0,0,0,0,0,0,0,0,0,3,5,0,0,11,11,6,5
1760768152,0,0,0,0,0,0,0,0,0,0,7,5,0,0,0,0,28,37
1760768154,0,0,0,0,0,0,0,0,0,0,0,0,0,0,0,0,5,6
1760768156,0,0,0,0,0,0,0,0,0,0,0,0,0,0,0,0,16,12
1760768158,0,0,0,0,0,0,0,0,0,0,0,0,0,0,0,0,0,0
1760768160,0,0,0,0,0,0,0,0,0,0,70,71,0,0,3,5,2,4
1760768162,0,0,0,0,0,0,0,0,0,0,0,0,0,0,9,7,11,18
1760768164,0,0,0,0,0,0,0,0,0,0,0,0,0,0,0,0,0,0
1760768166,0,0,0,0,0,0,0,0,0,0,0,0,0,0,0,0,0,0
1760768168,0,0,0,0,0,0,0,0,0,0,0,0,0,0,0,0,0,0
1760768170,0,0,0,0,0,0,0,0,0,0,19,19,0,0,2,6,4,2
1760768174,0,0,0,0,0,0,0,0,0,0,0,0,0,0,48,50,22,22
1760768176,0,0,0,0,0,0,0,0,0,0,10,14,0,0,14,25,0,0
1760768178,0,0,0,0,0,0,0,0,0,0,0,0,0,0,0,0,0,0
1760768180,0,0,0,0,0,0,0,0,0,0,0,6,0,0,7,3,80,83
1760768182,0,0,0,0,0,0,0,0,0,0,2,2,0,0,8,9,0,0
1760768184,0,0,0,0,0,0,0,0,0,0,0,0,0,0,0,0,0,0
1760768186,0,0,0,0,0,0,0,0,0,0,0,0,0,0,0,0,0,0
1760768188,0,0,0,0,0,0,0,0,0,0,0,0,0,0,0,0,0,0
1760768190,0,0,0,0,0,0,0,0,0,0,4,2,0,0,5,5,7,5
1760768192,0,0,0,0,0,0,0,0,0,0,14,26,0,0,21,20,0,0
1760768194,0,0,0,0,0,0,0,0,0,0,0,0,0,0,0,0,0,0
1760768196,0,0,0,0,0,0,0,0,0,0,0,0,0,0,0,0,0,0
1760768198,0,0,0,0,0,0,0,0,0,0,0,0,0,0,0,0,0,0
1760768200,0,0,0,0,0,0,0,0,0,0,0,1,0,0,100,100,0,1
1760768202,0,0,0,0,0,0,0,0,0,0,0,0,0,0,0,0,0,0
1760768204,0,0,0,0,0,0,0,0,0,0,0,0,0,0,0,0,0,0
1760768206,0,0,0,0,0,0,0,0,0,0,0,0,0,0,0,0,0,0
1760768208,0,0,0,0,0,0,0,0,0,0,0,0,0,0,0,0,0,0
1760768210,0,0,0,0,0,0,0,0,0,0,3,5,0,0,10,11,6,5
1760768212,0,0,0,0,0,0,0,0,0,0,12,4,0,0,0,0,34,30
1760768214,0,0,0,0,0,0,0,0,0,0,0,0,0,0,0,0,0,0
1760768216,0,0,0,0,0,0,0,0,0,0,0,0,0,0,0,0,7,10
1760768218,0,0,0,0,0,0,0,0,0,0,0,0,0,0,0,0,0,0
1760768220,0,0,0,0,0,0,0,0,0,0,7,1,0,0,33,28,7,6
1760768222,0,0,0,0,0,0,0,0,0,0,24,25,0,0,0,0,0,1
1760768224,0,0,0,0,0,0,0,0,0,0,26,23,0,0,0,0,0,0
1760768226,0,0,0,0,0,0,0,0,0,0,13,11,0,0,0,0,0,0
1760768228,0,0,0,0,0,0,0,0,0,0,0,0,0,0,0,0,0,0
1760768230,0,0,0,0,0,0,0,0,0,0,3,5,0,0,79,68,3,8
1760768232,0,0,0,0,0,0,0,0,0,0,14,7,0,0,0,0,6,7
1760768234,0,0,0,0,0,0,0,0,0,0,0,0,0,0,0,0,0,0
1760768236,0,0,0,0,0,0,0,0,0,0,20,18,0,0,0,0,0,0
1760768238,0,0,0,0,0,0,0,0,0,0,0,0,0,0,0,0,0,0
1760768240,0,0,0,0,0,0,0,0,0,0,4,2,0,0,5,4,70,68
1760768242,0,0,0,0,0,0,0,0,0,0,16,23,0,0,0,0,0,0
1760768244,0,0,0,0,0,0,0,0,0,0,4,4,0,0,0,0,0,0
1760768246,0,0,0,0,0,0,0,0,0,0,0,0,0,0,0,0,0,0
1760768248,0,0,0,0,0,0,0,0,0,0,0,0,0,0,0,0,0,0
1760768250,0,0,0,0,0,0,0,0,0,0,2,4,0,0,5,5,12,13
1760768252,0,0,0,0,0,0,0,0,0,0,16,24,0,0,26,13,0,0
1760768254,0,0,0,0,0,0,0,0,0,0,13,13,0,0,0,0,0,0
1760768256,0,0,0,0,0,0,0,0,0,0,17,17,0,0,0,0,0,0
1760768258,0,0,0,0,0,0,0,0,0,0,4,4,0,0,0,0,0,0
1760768260,0,0,0,0,0,0,0,0,0,0,5,4,0,0,73,65,5,6
1760768262,0,0,0,0,0,0,0,0,0,0,11,5,0,0,0,0,18,7
1760768264,0,0,0,0,0,0,0,0,0,0,0,0,0,0,0,0,0,0
1760768266,0,0,0,0,0,0,0,0,0,0,0,0,0,0,0,0,0,0
1760768268,0,0,0,0,0,0,0,0,0,0,0,0,0,0,0,0,0,0
1760768270,0,0,0,0,0,0,0,0,0,0,8,1,0,0,0,1,7,4
1760768274,0,0,0,0,0,0,0,0,0,0,0,0,0,0,0,0,15,22
1760768276,0,0,0,0,0,0,0,0,0,0,1,0,0,0,0,0,8,6
1760768278,0,0,0,0,0,0,0,0,0,0,0,0,0,0,0,0,13,19
1760768280,0,0,0,0,0,0,0,0,0,0,4,4,0,0,15,19,4,7
1760768282,0,0,0,0,0,0,0,0,0,0,27,22,0,0,0,0,9,7
1760768284,0,0,0,0,0,0,0,0,0,0,24,24,0,0,0,0,0,0
1760768286,0,0,0,0,0,0,0,0,0,0,18,16,0,0,0,0,0,0
1760768288,0,0,0,0,0,0,0,0,0,0,0,0,0,0,0,0,0,0
1760768290,0,0,0,0,0,0,0,0,0,0,5,3,0,0,65,72,1,4
1760768292,0,0,0,0,0,0,0,0,0,0,24,25,0,0,0,0,0,0
1760768296,0,0,0,0,0,0,0,0,0,0,5,9,0,0,0,0,0,0
1760768298,0,0,0,0,0,0,0,0,0,0,0,0,0,0,0,0,0,0
1760768300,0,0,0,0,0,0,0,0,0,0,2,0,0,0,2,1,92,103
1760768302,0,0,0,0,0,0,0,0,0,0,0,0,0,0,0,0,0,0
1760768304,0,0,0,0,0,0,0,0,0,0,0,0,0,0,0,0,0,0
1760768306,0,0,0,0,0,0,0,0,0,0,0,0,0,0,0,0,0,0
1760768308,0,0,0,0,0,0,0,0,0,0,0,0,0,0,0,0,0,0
1760768310,0,0,0,0,0,0,0,0,0,0,6,0,0,0,7,3,20,11
1760768312,0,0,0,0,0,0,0,0,0,0,20,19,0,0,1,0,0,0
1760768314,0,0,0,0,0,0,0,0,0,0,18,17,0,0,0,0,0,0
1760768316,0,0,0,0,0,0,0,0,0,0,25,24,0,0,0,0,0,0
1760768318,0,0,0,0,0,0,0,0,0,0,11,9,0,0,0,0,0,0
1760768320,0,0,0,0,0,0,0,0,0,0,3,5,0,0,88,97,1,2
1760768322,0,0,0,0,0,0,0,0,0,0,1,3,0,0,0,0,0,0
1760768324,0,0,0,0,0,0,0,0,0,0,0,0,0,0,0,0,0,0
1760768326,0,0,0,0,0,0,0,0,0,0,0,0,0,0,0,0,0,0
1760768328,0,0,0,0,0,0,0,0,0,0,0,0,0,0,0,0,0,0
1760768330,0,0,0,0,0,0,0,0,0,0,4,4,0,0,8,9,3,8
1760768332,0,0,0,0,0,0,0,0,0,0,12,8,0,0,1,0,23,21
1760768334,0,0,0,0,0,0,0,0,0,0,0,0,0,0,0,0,18,21
1760768336,0,0,0,0,0,0,0,0,0,0,13,15,0,0,0,0,21,16
1760768340,0,0,0,0,0,0,0,0,0,0,80,74,0,0,3,5,8,9
1760768342,0,0,0,0,0,0,0,0,0,0,0,0,0,0,0,0,0,0
1760768344,0,0,0,0,0,0,0,0,0,0,0,0,0,0,0,0,0,0
1760768346,0,0,0,0,0,0,0,0,0,0,0,0,0,0,0,0,0,0
1760768348,0,0,0,0,0,0,0,0,0,0,0,0,0,0,0,0,0,0
1760768350,0,0,0,0,0,0,0,0,0,0,3,4,0,0,98,80,6,5
1760768352,0,0,0,0,0,0,0,0,0,0,0,0,0,0,0,0,2,2
1760768354,0,0,0,0,0,0,0,0,0,0,0,0,0,0,0,0,0,0
1760768356,0,0,0,0,0,0,0,0,0,0,0,0,0,0,0,0,0,0
1760768358,0,0,0,0,0,0,0,0,0,0,0,0,0,0,0,0,0,0
1760768362,0,0,0,0,0,0,0,0,0,0,4,7,0,0,0,0,87,104
1760768364,0,0,0,0,0,0,0,0,0,0,0,0,0,0,6,13,8,7
1760768366,0,0,0,0,0,0,0,0,0,0,0,0,0,0,0,0,0,0
1760768368,0,0,0,0,0,0,0,0,0,0,0,0,0,0,0,0,0,1
1760768370,0,0,0,0,0,0,0,0,0,0,4,4,0,0,16,18,7,4
1760768372,0,0,0,0,0,0,0,0,0,0,19,29,0,0,0,0,1,2
1760768374,0,0,0,0,0,0,0,0,0,0,26,21,0,0,0,0,0,0
1760768376,0,0,0,0,0,0,0,0,0,0,29,20,0,0,0,0,0,0
1760768378,0,0,0,0,0,0,0,0,0,0,0,0,0,0,0,0,0,0
1760768380,0,0,0,0,0,0,0,0,0,0,1,7,0,0,94,95,2,1
1760768382,0,0,0,0,0,0,0,0,0,0,0,0,0,0,0,0,0,0
1760768384,0,0,0,0,0,0,0,0,0,0,0,0,0,0,0,0,0,0
1760768386,0,0,0,0,0,0,0,0,0,0,0,0,0,0,0,0,0,0
1760768388,0,0,0,0,0,0,0,0,0,0,0,0,0,0,0,0,0,0
1760768390,0,0,0,0,0,0,0,0,0,0,4,2,0,0,9,2,65,70
1760768392,0,0,0,0,0,0,0,0,0,0,17,22,0,0,3,4,0,0
1760768394,0,0,0,0,0,0,0,0,0,0,1,1,0,0,0,0,0,0
1760768396,0,0,0,0,0,0,0,0,0,0,0,0,0,0,0,0,0,0
1760768398,0,0,0,0,0,0,0,0,0,0,0,0,0,0,0,0,0,0
1760768400,0,0,0,0,0,0,0,0,0,0,2,4,0,0,5,6,8,3
1760768402,0,0,0,0,0,0,0,0,0,0,26,13,0,0,14,10,0,0
1760768404,0,0,0,0,0,0,0,0,0,0,17,22,0,0,0,0,0,0
1760768406,0,0,0,0,0,0,0,0,0,0,22,21,0,0,0,0,0,0
1760768408,0,0,0,0,0,0,0,0,0,0,17,7,0,0,0,0,0,0
1760768410,0,0,0,0,0,0,0,0,0,0,5,3,0,0,67,73,7,3
1760768412,0,0,0,0,0,0,0,0,0,0,11,4,0,0,0,0,15,12
1760768414,0,0,0,0,0,0,0,0,0,0,0,0,0,0,0,0,0,0
1760768416,0,0,0,0,0,0,0,0,0,0,0,0,0,0,0,0,0,0
1760768418,0,0,0,0,0,0,0,0,0,0,0,0,0,0,0,0,0,0
1760768420,0,0,0,0,0,0,0,0,0,0,4,4,0,0,9,25,9,2
1760768422,0,0,0,0,0,0,0,0,0,0,1,1,0,0,0,0,33,31
1760768424,0,0,0,0,0,0,0,0,0,0,3,2,0,0,0,0,34,25
1760768426,0,0,0,0,0,0,0,0,0,0,0,0,0,0,0,0,0,0
1760768428,0,0,0,0,0,0,0,0,0,0,0,0,0,0,0,0,0,0
1760768430,0,0,0,0,0,0,0,0,0,0,0,0,0,0,0,0,10,12
1760768432,0,0,0,0,0,0,0,0,0,0,0,0,0,0,0,0,0,0
1760768434,0,0,0,0,0,0,0,0,0,0,0,0,0,0,0,0,0,0
1760768436,0,0,0,0,0,0,0,0,0,0,0,0,0,0,0,0,0,0
1760768438,0,0,0,0,0,0,0,0,0,0,0,0,0,0,15,17,0,0
1760768440,0,0,0,0,0,0,0,0,0,0,1,0,0,0,105,95,0,1
1760768442,0,0,0,0,0,0,0,0,0,0,0,0,0,0,0,0,0,0
1760768444,0,0,0,0,0,0,0,0,0,0,0,0,0,0,0,0,0,0
1760768446,0,0,0,0,0,0,0,0,0,0,0,0,0,0,0,0,0,0
1760768448,0,0,0,0,0,0,0,0,0,0,0,0,0,0,0,0,0,0
1760768450,0,0,0,0,0,0,0,0,0,0,0,1,0,0,1,1,100,98
1760768454,0,0,0,0,0,0,0,0,0,0,90,74,0,0,1,1,1,1
1760768456,0,0,0,0,0,0,0,0,0,0,0,0,0,0,0,0,0,0
1760768458,0,0,0,0,0,0,0,0,0,0,0,0,0,0,0,0,0,0
1760768460,0,0,0,0,0,0,0,0,0,0,97,91,0,0,3,5,2,0
1760768462,0,0,0,0,0,0,0,0,0,0,0,0,0,0,0,2,0,0
1760768464,0,0,0,0,0,0,0,0,0,0,0,0,0,0,0,0,0,0
1760768466,0,0,0,0,0,0,0,0,0,0,0,0,0,0,0,0,0,0
1760768468,0,0,0,0,0,0,0,0,0,0,0,0,0,0,0,0,0,0
1760768470,0,0,0,0,0,0,0,0,0,0,15,18,0,0,3,5,1,5
1760768472,0,0,0,0,0,0,0,0,0,0,0,0,0,0,0,0,0,0
1760768474,0,0,0,0,0,0,0,0,0,0,0,0,0,0,0,0,0,0
1760768476,0,0,0,0,0,0,0,0,0,0,0,0,0,0,0,0,0,0
1760768478,0,0,0,0,0,0,0,0,0,0,0,0,0,0,9,6,0,0
1760768480,0,0,0,0,0,0,0,0,0,0,2,4,0,0,29,25,77,75
1760768482,0,0,0,0,0,0,0,0,0,0,20,19,0,0,0,0,0,0
1760768484,0,0,0,0,0,0,0,0,0,0,1,0,0,0,0,0,0,0
1760768486,0,0,0,0,0,0,0,0,0,0,0,0,0,0,0,0,0,0
1760768488,0,0,0,0,0,0,0,0,0,0,0,0,0,0,0,0,0,0
1760768490,0,0,0,0,0,0,0,0,0,0,4,5,0,0,4,6,5,6
1760768492,0,0,0,0,0,0,0,0,0,0,27,21,0,0,0,0,16,12
1760768494,0,0,0,0,0,0,0,0,0,0,28,21,0,0,0,0,0,0
1760768496,0,0,0,0,0,0,0,0,0,0,13,31,0,0,0,0,0,0
1760768498,0,0,0,0,0,0,0,0,0,0,0,0,0,0,0,0,0,0
1760768500,0,0,0,0,0,0,0,0,0,0,3,5,0,0,78,63,9,2
1760768502,0,0,0,0,0,0,0,0,0,0,8,11,0,0,0,0,7,13
1760768504,0,0,0,0,0,0,0,0,0,0,0,0,0,0,0,0,0,0
1760768506,0,0,0,0,0,0,0,0,0,0,0,0,0,0,0,0,0,0
1760768508,0,0,0,0,0,0,0,0,0,0,0,0,0,0,9,5,2,1
1760768510,0,0,0,0,0,0,0,0,0,0,16,11,0,0,4,4,3,4
1760768512,0,0,0,0,0,0,0,0,0,0,0,0,0,0,5,4,22,17
1760768514,0,0,0,0,0,0,0,0,0,0,0,0,0,0,0,0,21,18
1760768516,0,0,0,0,0,0,0,0,0,0,0,0,0,0,0,0,16,23
1760768518,0,0,0,0,0,0,0,0,0,0,0,0,0,0,0,0,16,16
1760768520,0,0,0,0,0,0,0,0,0,0,105,92,0,0,1,0,2,1
1760768522,0,0,0,0,0,0,0,0,0,0,0,0,0,0,0,0,0,0
1760768524,0,0,0,0,0,0,0,0,0,0,0,0,0,0,0,0,0,0
1760768528,0,0,0,0,0,0,0,0,0,0,0,0,0,0,0,0,0,0
1760768530,0,0,0,0,0,0,0,0,0,0,4,4,0,0,87,77,6,5
1760768532,0,0,0,0,0,0,0,0,0,0,0,2,0,0,0,0,4,11
1760768534,0,0,0,0,0,0,0,0,0,0,0,0,0,0,0,0,0,0
1760768536,0,0,0,0,0,0,0,0,0,0,0,0,0,0,0,0,0,0
1760768538,0,0,0,0,0,0,0,0,0,0,0,0,0,0,0,0,0,0
1760768540,0,0,0,0,0,0,0,0,0,0,3,5,0,0,8,4,8,3
1760768542,0,0,0,0,0,0,0,0,0,0,20,28,0,0,0,0,32,32
1760768544,0,0,0,0,0,0,0,0,0,0,0,0,0,0,0,0,25,32
1760768546,0,0,0,0,0,0,0,0,0,0,0,0,0,0,0,0,0,0
1760768550,0,0,0,0,0,0,0,0,0,0,2,7,0,0,0,1,0,1
1760768552,0,0,0,0,0,0,0,0,0,0,27,21,0,0,0,0,0,0
1760768554,0,0,0,0,0,0,0,0,0,0,21,28,0,0,0,0,0,0
1760768556,0,0,0,0,0,0,0,0,0,0,30,19,0,0,0,0,0,0
1760768558,0,0,0,0,0,0,0,0,0,0,26,16,0,0,0,0,0,0
1760768560,0,0,0,0,0,0,0,0,0,0,4,4,0,0,82,81,6,5
1760768562,0,0,0,0,0,0,0,0,0,0,0,1,0,0,0,0,8,8
1760768564,0,0,0,0,0,0,0,0,0,0,0,0,0,0,0,0,0,0
1760768566,0,0,0,0,0,0,0,0,0,0,0,0,0,0,0,0,0,0
1760768568,0,0,0,0,0,0,0,0,0,0,0,0,0,0,0,0,0,0
1760768570,0,0,0,0,0,0,0,0,0,0,3,3,0,0,8,2,71,54
1760768572,0,0,0,0,0,0,0,0,0,0,20,19,0,0,7,6,0,0
1760768574,0,0,0,0,0,0,0,0,0,0,3,4,0,0,0,0,0,0
1760768576,0,0,0,0,0,0,0,0,0,0,0,0,0,0,0,0,0,0
1760768578,0,0,0,0,0,0,0,0,0,0,0,0,0,0,0,0,0,0
1760768580,0,0,0,0,0,0,0,0,0,0,2,4,0,0,3,3,18,16
1760768582,0,0,0,0,0,0,0,0,0,0,19,20,0,0,0,0,0,0
1760768584,0,0,0,0,0,0,0,0,0,0,24,16,0,0,0,0,0,0
1760768586,0,0,0,0,0,0,0,0,0,0,0,0,0,0,0,0,0,0
1760768588,0,0,0,0,0,0,0,0,0,0,0,0,0,0,0,0,0,0
1760768590,0,0,0,0,0,0,0,0,0,0,2,4,0,0,60,73,5,6
1760768592,0,0,0,0,0,0,0,0,0,0,8,15,0,0,0,0,14,13
1760768594,0,0,0,0,0,0,0,0,0,0,0,0,0,0,0,0,0,0
1760768596,0,0,0,0,0,0,0,0,0,0,0,0,0,0,0,0,0,0
1760768598,0,0,0,0,0,0,0,0,0,0,0,0,0,0,0,0,0,0
1760768600,0,0,0,0,0,0,0,0,0,0,5,4,0,0,2,5,7,5
1760768602,0,0,0,0,0,0,0,0,0,0,30,18,0,0,0,0,35,29
1760768604,0,0,0,0,0,0,0,0,0,0,0,0,0,0,0,0,1,4
1760768606,0,0,0,0,0,0,0,0,0,0,0,0,0,0,0,0,0,0
1760768608,0,0,0,0,0,0,0,0,0,0,0,0,0,0,0,0,0,0
1760768610,0,0,0,0,0,0,0,0,0,0,77,91,0,0,7,1,4,2
1760768612,0,0,0,0,0,0,0,0,0,0,0,0,0,0,1,2,7,9
1760768614,0,0,0,0,0,0,0,0,0,0,0,0,0,0,0,0,0,0
1760768616,0,0,0,0,0,0,0,0,0,0,0,0,0,0,0,0,0,0
1760768618,0,0,0,0,0,0,0,0,0,0,0,0,0,0,0,0,0,0
1760768620,0,0,0,0,0,0,0,0,0,0,34,22,0,0,4,4,1,4
1760768624,0,0,0,0,0,0,0,0,0,0,10,8,0,0,34,27,0,0
1760768626,0,0,0,0,0,0,0,0,0,0,0,0,0,0,12,9,0,0
1760768628,0,0,0,0,0,0,0,0,0,0,0,0,0,0,0,0,0,0
1760768630,0,0,0,0,0,0,0,0,0,0,5,1,0,0,2,0,99,92
1760768632,0,0,0,0,0,0,0,0,0,0,1,0,0,0,0,0,0,0
1760768634,0,0,0,0,0,0,0,0,0,0,0,0,0,0,0,0,0,0
1760768636,0,0,0,0,0,0,0,0,0,0,0,0,0,0,0,0,0,0
1760768638,0,0,0,0,0,0,0,0,0,0,0,0,0,0,0,0,0,0
1760768640,0,0,0,0,0,0,0,0,0,0,2,5,0,0,3,8,10,10
1760768642,0,0,0,0,0,0,0,0,0,0,21,22,0,0,0,0,24,24
1760768644,0,0,0,0,0,0,0,0,0,0,16,20,0,0,0,0,0,0
1760768646,0,0,0,0,0,0,0,0,0,0,27,21,0,0,0,0,0,0
1760768648,0,0,0,0,0,0,0,0,0,0,17,15,0,0,0,0,0,0
1760768650,0,0,0,0,0,0,0,0,0,0,5,3,0,0,80,74,5,6
1760768652,0,0,0,0,0,0,0,0,0,0,7,8,0,0,0,0,6,6
1760768654,0,0,0,0,0,0,0,0,0,0,0,0,0,0,0,0,0,0
1760768656,0,0,0,0,0,0,0,0,0,0,0,0,0,0,0,0,0,0
1760768658,0,0,0,0,0,0,0,0,0,0,0,0,0,0,0,0,0,0
1760768660,0,0,0,0,0,0,0,0,0,0,5,6,0,0,1,0,0,0
1760768662,0,0,0,0,0,0,0,0,0,0,11,16,0,0,35,27,1,0
1760768664,0,0,0,0,0,0,0,0,0,0,0,0,0,0,0,2,0,0
1760768666,0,0,0,0,0,0,0,0,0,0,0,0,0,0,0,0,0,0
1760768668,0,0,0,0,0,0,0,0,0,0,0,0,0,0,0,0,0,0
1760768670,0,0,0,0,0,0,0,0,0,0,3,5,0,0,85,86,1,0
1760768672,0,0,0,0,0,0,0,0,0,0,15,5,0,0,0,0,0,0
1760768674,0,0,0,0,0,0,0,0,0,0,0,0,0,0,0,0,0,0
1760768676,0,0,0,0,0,0,0,0,0,0,0,0,0,0,0,0,0,0
1760768678,0,0,0,0,0,0,0,0,0,0,0,0,0,0,0,0,0,0
1760768680,0,0,0,0,0,0,0,0,0,0,4,5,0,0,3,6,5,6
1760768682,0,0,0,0,0,0,0,0,0,0,16,24,0,0,0,0,29,36
1760768684,0,0,0,0,0,0,0,0,0,0,0,0,0,0,0,0,29,36
1760768686,0,0,0,0,0,0,0,0,0,0,0,0,0,0,15,25,0,0
1760768688,0,0,0,0,0,0,0,0,0,0,0,0,0,0,0,0,0,0
1760768690,0,0,0,0,0,0,0,0,0,0,3,3,0,0,6,3,64,78
1760768692,0,0,0,0,0,0,0,0,0,0,20,19,0,0,0,0,0,0
1760768694,0,0,0,0,0,0,0,0,0,0,1,3,0,0,0,0,0,0
1760768696,0,0,0,0,0,0,0,0,0,0,0,0,0,0,0,0,0,0
1760768698,0,0,0,0,0,0,0,0,0,0,0,0,0,0,0,0,0,0
1760768700,0,0,0,0,0,0,0,0,0,0,2,4,0,0,4,3,4,10
1760768702,0,0,0,0,0,0,0,0,0,0,20,20,0,0,0,0,0,0
1760768704,0,0,0,0,0,0,0,0,0,0,5,8,0,0,0,0,1,1
1760768706,0,0,0,0,0,0,0,0,0,0,22,26,0,0,0,0,0,0
1760768708,0,0,0,0,0,0,0,0,0,0,15,12,0,0,0,0,0,0
1760768710,0,0,0,0,0,0,0,0,0,0,0,5,0,0,3,4,5,9
1760768712,0,0,0,0,0,0,0,0,0,0,18,21,0,0,0,0,0,0
1760768714,0,0,0,0,0,0,0,0,0,0,21,18,0,0,0,0,0,0
1760768716,0,0,0,0,0,0,0,0,0,0,15,25,0,0,0,0,0,0
1760768718,0,0,0,0,0,0,0,0,0,0,22,17,0,0,0,0,0,0
1760768720,0,0,0,0,0,0,0,0,0,0,12,12,0,0,8,3,0,1
1760768722,0,0,0,0,0,0,0,0,0,0,1,0,0,0,27,38,0,0
1760768724,0,0,0,0,0,0,0,0,0,0,0,0,0,0,25,39,0,0
1760768726,0,0,0,0,0,0,0,0,0,0,0,0,0,0,0,0,0,0
1760768728,0,0,0,0,0,0,0,0,0,0,0,0,0,0,0,0,0,0
1760768730,0,0,0,0,0,0,0,0,0,0,3,4,0,0,31,27,0,1
1760768732,0,0,0,0,0,0,0,0,0,0,0,1,0,0,37,27,0,0
1760768734,0,0,0,0,0,0,0,0,0,0,0,0,0,0,9,19,0,0
1760768736,0,0,0,0,0,0,0,0,0,0,0,0,0,0,25,24,0,0
1760768738,0,0,0,0,0,0,0,0,0,0,0,0,0,0,10,8,0,0
1760768740,0,0,0,0,0,0,0,0,0,0,23,22,0,0,0,1,3,3
1760768742,0,0,0,0,0,0,0,0,0,0,0,0,0,0,0,0,22,17
1760768744,0,0,0,0,0,0,0,0,0,0,0,0,0,0,0,0,22,18
1760768746,0,0,0,0,0,0,0,0,0,0,0,0,0,0,0,0,15,24
1760768748,0,0,0,0,0,0,0,0,0,0,0,0,0,0,0,0,20,10
1760768750,0,0,0,0,0,0,0,0,0,0,22,23,0,0,0,1,4,2
1760768752,0,0,0,0,0,0,0,0,0,0,0,0,0,0,11,15,60,60
1760768754,0,0,0,0,0,0,0,0,0,0,0,0,0,0,0,0,0,0
1760768756,0,0,0,0,0,0,0,0,0,0,9,11,0,0,0,0,0,0
1760768760,0,0,0,0,0,0,0,0,0,0,3,3,0,0,4,7,13,7
1760768762,0,0,0,0,0,0,0,0,0,0,22,17,0,0,17,14,0,0
1760768764,0,0,0,0,0,0,0,0,0,0,23,17,0,0,0,0,0,0
1760768766,0,0,0,0,0,0,0,0,0,0,22,17,0,0,0,0,0,0
1760768768,0,0,0,0,0,0,0,0,0,0,6,7,0,0,0,0,0,0
1760768770,0,0,0,0,0,0,0,0,0,0,2,4,0,0,4,6,9,11
1760768772,0,0,0,0,0,0,0,0,0,0,15,25,0,0,20,12,0,0
1760768774,0,0,0,0,0,0,0,0,0,0,21,18,0,0,0,0,0,0
1760768776,0,0,0,0,0,0,0,0,0,0,13,26,0,0,0,0,0,0
1760768778,0,0,0,0,0,0,0,0,0,0,0,0,0,0,0,0,14,15
1760768780,0,0,0,0,0,0,0,0,0,0,30,40,0,0,4,4,5,1
1760768782,0,0,0,0,0,0,0,0,0,0,0,0,0,0,63,45,0,0
1760768784,0,0,0,0,0,0,0,0,0,0,0,0,0,0,1,6,1,1
1760768786,0,0,0,0,0,0,0,0,0,0,0,0,0,0,0,0,0,0
1760768788,0,0,0,0,0,0,0,0,0,0,0,0,0,0,0,0,0,0
1760768790,0,0,0,0,0,0,0,0,0,0,3,5,0,0,49,73,7,1
1760768792,0,0,0,0,0,0,0,0,0,0,0,0,0,0,0,0,0,0
1760768796,0,0,0,0,0,0,0,0,0,0,5,8,0,0,0,0,0,0
1760768798,0,0,0,0,0,0,0,0,0,0,13,13,0,0,0,0,0,0
1760768800,0,0,0,0,0,0,0,0,0,0,23,21,0,0,7,8,5,6
1760768802,0,0,0,0,0,0,0,0,0,0,5,0,0,0,0,0,29,35
1760768804,0,0,0,0,0,0,0,0,0,0,0,0,0,0,0,0,32,33
1760768806,0,0,0,0,0,0,0,0,0,0,0,0,0,0,0,0,13,19
1760768808,0,0,0,0,0,0,0,0,0,0,0,0,0,0,0,0,0,0
1760768810,0,0,0,0,0,0,0,0,0,0,6,2,0,0,7,8,3,8
1760768812,0,0,0,0,0,0,0,0,0,0,2,3,0,0,0,0,32,32
1760768814,0,0,0,0,0,0,0,0,0,0,0,0,0,0,0,0,41,24
1760768818,0,0,0,0,0,0,0,0,0,0,0,0,0,0,0,0,0,0
1760768820,0,0,0,0,0,0,0,0,0,0,0,1,0,0,21,18,6,5
1760768822,0,0,0,0,0,0,0,0,0,0,21,26,0,0,0,0,9,4
1760768824,0,0,0,0,0,0,0,0,0,0,8,9,0,0,1,0,0,0
1760768826,0,0,0,0,0,0,0,0,0,0,20,18,0,0,0,0,0,0
1760768828,0,0,0,0,0,0,0,0,0,0,4,6,0,0,0,0,0,0
1760768830,0,0,0,0,0,0,0,0,0,0,1,5,0,0,5,5,17,7
1760768832,0,0,0,0,0,0,0,0,0,0,21,18,0,0,13,16,0,0
1760768834,0,0,0,0,0,0,0,0,0,0,16,24,0,0,0,0,0,0
1760768836,0,0,0,0,0,0,0,0,0,0,19,20,0,0,0,0,0,0
1760768838,0,0,0,0,0,0,0,0,0,0,7,7,0,0,0,0,0,0
1760768840,0,0,0,0,0,0,0,0,0,0,2,5,0,0,5,6,1,0
1760768842,0,0,0,0,0,0,0,0,0,0,0,0,0,0,2,3,0,0
1760768844,0,0,0,0,0,0,0,0,0,0,0,0,0,0,27,21,0,0
1760768846,0,0,0,0,0,0,0,0,0,0,19,5,0,0,17,19,0,0
1760768848,0,0,0,0,0,0,0,0,0,0,0,0,0,0,0,0,0,0
1760768850,0,0,0,0,0,0,0,0,0,0,5,10,0,0,15,23,1,0
1760768852,0,0,0,0,0,0,0,0,0,0,0,0,0,0,25,23,0,0
1760768854,0,0,0,0,0,0,0,0,0,0,6,2,0,0,28,29,0,0
1760768858,0,0,0,0,0,0,0,0,0,0,0,0,0,0,9,5,0,0
1760768860,0,0,0,0,0,0,0,0,0,0,2,3,0,0,5,3,4,3
1760768862,0,0,0,0,0,0,0,0,0,0,0,0,0,0,1,4,21,18
1760768864,0,0,0,0,0,0,0,0,0,0,0,0,0,0,0,0,20,19
1760768866,0,0,0,0,0,0,0,0,0,0,0,0,0,0,0,0,14,26
1760768868,0,0,0,0,0,0,0,0,0,0,0,0,0,0,0,0,22,17
1760768870,0,0,0,0,0,0,0,0,0,0,3,2,0,0,5,3,18,9
1760768872,0,0,0,0,0,0,0,0,0,0,0,0,0,0,1,2,15,24
1760768874,0,0,0,0,0,0,0,0,0,0,0,0,0,0,0,0,22,17
1760768876,0,0,0,0,0,0,0,0,0,0,0,0,0,0,0,0,36,47
1760768878,0,0,0,0,0,0,0,0,0,0,0,0,0,0,0,0,0,0
1760768880,0,0,0,0,0,0,0,0,0,0,4,4,0,0,26,21,2,4
1760768882,0,0,0,0,0,0,0,0,0,0,22,26,0,0,0,0,0,0
1760768884,0,0,0,0,0,0,0,0,0,0,0,0,0,0,0,0,11,6
1760768886,0,0,0,0,0,0,0,0,0,0,0,0,0,0,0,0,0,0
1760768888,0,0,0,0,0,0,0,0,0,0,0,0,0,0,0,0,0,0
1760768890,0,0,0,0,0,0,0,0,0,0,12,11,0,0,25,22,4,2
1760768892,0,0,0,0,0,0,0,0,0,0,18,30,0,0,0,0,0,0
1760768894,0,0,0,0,0,0,0,0,0,0,13,11,0,0,1,0,0,0
1760768898,0,0,0,0,0,0,0,0,0,0,14,16,0,0,0,0,0,0
1760768900,0,0,0,0,0,0,0,0,0,0,1,1,0,0,2,4,0,1
1760768902,0,0,0,0,0,0,0,0,0,0,0,0,0,0,30,34,0,0
1760768904,0,0,0,0,0,0,0,0,0,0,0,0,0,0,0,0,0,0
1760768908,0,0,0,0,0,0,0,0,0,0,0,0,0,0,13,11,0,0
1760768910,0,0,0,0,0,0,0,0,0,0,0,2,0,0,91,98,0,1
1760768912,0,0,0,0,0,0,0,0,0,0,0,0,0,0,4,4,0,0
1760768914,0,0,0,0,0,0,0,0,0,0,0,0,0,0,0,0,0,0
1760768916,0,0,0,0,0,0,0,0,0,0,0,0,0,0,0,0,0,0
1760768918,0,0,0,0,0,0,0,0,0,0,0,0,0,0,0,0,0,0
1760768922,0,0,0,0,0,0,0,0,0,0,0,0,0,0,0,0,69,53
1760768924,0,0,0,0,0,0,0,0,0,0,0,0,0,0,0,0,0,0
1760768926,0,0,0,0,0,0,0,0,0,0,0,0,0,0,0,0,0,0
1760768928,0,0,0,0,0,0,0,0,0,0,0,0,0,0,0,0,0,0
1760768930,0,0,0,0,0,0,0,0,0,0,35,34,0,0,3,1,5,1
1760768932,0,0,0,0,0,0,0,0,0,0,0,0,0,0,0,0,48,66
1760768934,0,0,0,0,0,0,0,0,0,0,0,0,0,0,0,0,0,0
1760768936,0,0,0,0,0,0,0,0,0,0,0,0,0,0,0,0,0,0
1760768938,0,0,0,0,0,0,0,0,0,0,0,0,0,0,0,0,6,2
1760768940,0,0,0,0,0,0,0,0,0,0,94,94,0,0,3,2,4,2
1760768942,0,0,0,0,0,0,0,0,0,0,0,0,0,0,0,0,0,0
1760768946,0,0,0,0,0,0,0,0,0,0,0,0,0,0,0,0,0,0
1760768948,0,0,0,0,0,0,0,0,0,0,0,0,0,0,0,0,0,0
1760768950,0,0,0,0,0,0,0,0,0,0,5,4,0,0,1,4,3,4
1760768952,0,0,0,0,0,0,0,0,0,0,22,26,0,0,0,0,0,0
1760768954,0,0,0,0,0,0,0,0,0,0,21,28,0,0,0,0,0,0
1760768956,0,0,0,0,0,0,0,0,0,0,23,25,0,0,0,0,0,0
1760768958,0,0,0,0,0,0,0,0,0,0,19,15,0,0,0,0,0,0
1760768960,0,0,0,0,0,0,0,0,0,0,1,3,0,0,94,91,3,8
1760768962,0,0,0,0,0,0,0,0,0,0,0,0,0,0,0,0,0,0
1760768964,0,0,0,0,0,0,0,0,0,0,0,0,0,0,0,0,0,0
1760768966,0,0,0,0,0,0,0,0,0,0,0,0,0,0,0,0,0,0
1760768968,0,0,0,0,0,0,0,0,0,0,0,0,0,0,0,0,0,0
1760768970,0,0,0,0,0,0,0,0,0,0,1,3,0,0,3,7,6,5
1760768972,0,0,0,0,0,0,0,0,0,0,0,0,0,0,33,32,0,0
1760768974,0,0,0,0,0,0,0,0,0,0,0,0,0,0,53,39,0,0
1760768978,0,0,0,0,0,0,0,0,0,0,0,0,0,0,9,10,0,0
1760768980,0,0,0,0,0,0,0,0,0,0,1,0,0,0,3,5,5,2
1760768982,0,0,0,0,0,0,0,0,0,0,0,0,0,0,12,17,22,17
1760768984,0,0,0,0,0,0,0,0,0,0,0,0,0,0,0,0,0,0
1760768986,0,0,0,0,0,0,0,0,0,0,0,0,0,0,0,0,0,0
1760768988,0,0,0,0,0,0,0,0,0,0,0,0,0,0,0,0,9,16
1760768990,0,0,0,0,0,0,0,0,0,0,0,1,0,0,4,4,2,3
1760768992,0,0,0,0,0,0,0,0,0,0,0,0,0,0,0,0,0,0
1760768994,0,0,0,0,0,0,0,0,0,0,0,0,0,0,0,0,0,0
1760768996,0,0,0,0,0,0,0,0,0,0,0,0,0,0,0,0,0,0
1760768998,0,0,0,0,0,0,0,0,0,0,0,0,0,0,15,11,14,6
1760769000,0,0,0,0,0,0,0,0,0,0,77,73,0,0,7,3,18,19
1760769002,0,0,0,0,0,0,0,0,0,0,0,0,0,0,0,0,0,1
1760769004,0,0,0,0,0,0,0,0,0,0,0,0,0,0,0,0,0,0
1760769006,0,0,0,0,0,0,0,0,0,0,0,0,0,0,0,0,0,0
1760769008,0,0,0,0,0,0,0,0,0,0,0,0,0,0,0,0,0,0
1760769010,0,0,0,0,0,0,0,0,0,0,2,4,0,0,5,6,11,11
1760769012,0,0,0,0,0,0,0,0,0,0,0,0,0,0,0,0,0,0
1760769014,0,0,0,0,0,0,0,0,0,0,0,0,0,0,0,0,0,0
1760769016,0,0,0,0,0,0,0,0,0,0,0,0,0,0,0,0,0,0
1760769018,0,0,0,0,0,0,0,0,0,0,2,3,0,0,0,0,0,0
1760769020,0,0,0,0,0,0,0,0,0,0,19,26,0,0,80,106,4,4
1760769022,0,0,0,0,0,0,0,0,0,0,0,0,0,0,0,0,0,0
1760769024,0,0,0,0,0,0,0,0,0,0,0,0,0,0,0,0,0,0
1760769026,0,0,0,0,0,0,0,0,0,0,0,0,0,0,0,0,0,0
1760769028,0,0,0,0,0,0,0,0,0,0,0,0,0,0,0,0,0,0
1760769030,0,0,0,0,0,0,0,0,0,0,14,8,0,0,14,12,5,3
1760769032,0,0,0,0,0,0,0,0,0,0,0,0,0,0,31,34,0,0
1760769034,0,0,0,0,0,0,0,0,0,0,0,0,0,0,41,47,0,0
1760769036,0,0,0,0,0,0,0,0,0,0,0,0,0,0,0,0,0,0
1760769038,0,0,0,0,0,0,0,0,0,0,0,0,0,0,12,13,0,0
1760769040,0,0,0,0,0,0,0,0,0,0,1,2,0,0,7,13,5,12
1760769042,0,0,0,0,0,0,0,0,0,0,0,0,0,0,0,0,0,0
1760769044,0,0,0,0,0,0,0,0,0,0,0,0,0,0,0,0,0,0
1760769046,0,0,0,0,0,0,0,0,0,0,0,0,0,0,0,0,0,0
1760769048,0,0,0,0,0,0,0,0,0,0,0,0,0,0,3,2,0,0
1760769050,0,0,0,0,0,0,0,0,0,0,3,2,0,0,3,3,3,4
1760769052,0,0,0,0,0,0,0,0,0,0,0,0,0,0,0,0,19,20
1760769054,0,0,0,0,0,0,0,0,0,0,0,0,0,0,0,0,15,24
1760769056,0,0,0,0,0,0,0,0,0,0,0,0,0,0,0,0,23,17
1760769058,0,0,0,0,0,0,0,0,0,0,0,0,0,0,0,0,15,24
1760769060,0,0,0,0,0,0,0,0,0,0,3,7,0,0,5,7,105,101
1760769062,0,0,0,0,0,0,0,0,0,0,0,3,0,0,0,0,0,0
1760769064,0,0,0,0,0,0,0,0,0,0,20,29,0,0,0,0,0,0
1760769066,0,0,0,0,0,0,0,0,0,0,21,28,0,0,0,0,0,0
1760769068,0,0,0,0,0,0,0,0,0,0,17,16,0,0,0,0,0,0
1760769070,0,0,0,0,0,0,0,0,0,0,7,1,0,0,10,13,0,1
1760769072,0,0,0,0,0,0,0,0,0,0,26,23,0,0,0,0,0,0
1760769074,0,0,0,0,0,0,0,0,0,0,24,24,0,0,0,0,0,0
1760769076,0,0,0,0,0,0,0,0,0,0,25,24,0,0,0,0,0,0
1760769078,0,0,0,0,0,0,0,0,0,0,11,11,0,0,0,0,0,0
1760769080,0,0,0,0,0,0,0,0,0,0,4,4,0,0,67,71,2,10
1760769082,0,0,0,0,0,0,0,0,0,0,15,27,0,0,0,0,0,0
1760769084,0,0,0,0,0,0,0,0,0,0,0,0,0,0,0,0,0,0
1760769086,0,0,0,0,0,0,0,0,0,0,0,0,0,0,0,0,0,0
1760769088,0,0,0,0,0,0,0,0,0,0,0,0,0,0,0,0,0,0
1760769090,0,0,0,0,0,0,0,0,0,0,3,5,0,0,67,71,4,7
1760769092,0,0,0,0,0,0,0,0,0,0,21,21,0,0,0,0,1,0
1760769094,0,0,0,0,0,0,0,0,0,0,0,0,0,0,0,0,0,0
1760769096,0,0,0,0,0,0,0,0,0,0,14,22,0,0,7,5,0,0
1760769098,0,0,0,0,0,0,0,0,0,0,0,0,0,0,0,0,0,0
1760769100,0,0,0,0,0,0,0,0,0,0,4,5,0,0,3,6,1,7
1760769102,0,0,0,0,0,0,0,0,0,0,29,19,0,0,0,0,27,37
1760769104,0,0,0,0,0,0,0,0,0,0,5,2,0,0,0,0,27,27
1760769106,0,0,0,0,0,0,0,0,0,0,0,0,0,0,0,0,0,0
1760769108,0,0,0,0,0,0,0,0,0,0,0,0,0,0,0,0,0,0
1760769110,0,0,0,0,0,0,0,0,0,0,4,5,0,0,3,6,5,6
1760769112,0,0,0,0,0,0,0,0,0,0,22,26,0,0,0,0,33,32
1760769114,0,0,0,0,0,0,0,0,0,0,3,4,0,0,0,0,29,21
1760769116,0,0,0,0,0,0,0,0,0,0,0,0,0,0,0,0,0,0
1760769118,0,0,0,0,0,0,0,0,0,0,0,0,0,0,0,0,0,0
1760769120,0,0,0,0,0,0,0,0,0,0,6,2,0,0,27,34,4,7
1760769122,0,0,0,0,0,0,0,0,0,0,24,24,0,0,0,0,0,0
1760769124,0,0,0,0,0,0,0,0,0,0,27,22,0,0,0,0,0,0
1760769126,0,0,0,0,0,0,0,0,0,0,9,14,0,0,0,0,0,0
1760769128,0,0,0,0,0,0,0,0,0,0,0,0,0,0,0,0,0,0
1760769130,0,0,0,0,0,0,0,0,0,0,1,7,0,0,30,31,4,7
1760769132,0,0,0,0,0,0,0,0,0,0,17,32,0,0,0,0,0,0
1760769134,0,0,0,0,0,0,0,0,0,0,0,0,0,0,0,0,0,0
1760769136,0,0,0,0,0,0,0,0,0,0,6,3,0,0,0,0,0,0
1760769138,0,0,0,0,0,0,0,0,0,0,0,0,0,0,0,0,0,0
1760769140,0,0,0,0,0,0,0,0,0,0,6,7,0,0,84,87,4,7
1760769142,0,0,0,0,0,0,0,0,0,0,7,6,0,0,0,0,0,0
1760769144,0,0,0,0,0,0,0,0,0,0,0,0,0,0,0,0,0,0
1760769146,0,0,0,0,0,0,0,0,0,0,0,0,0,0,0,0,0,0
1760769148,0,0,0,0,0,0,0,0,0,0,0,0,0,0,0,0,0,0
1760769150,0,0,0,0,0,0,0,0,0,0,6,2,0,0,73,98,9,2
1760769152,0,0,0,0,0,0,0,0,0,0,8,3,0,0,0,0,0,0
1760769154,0,0,0,0,0,0,0,0,0,0,0,0,0,0,0,0,0,0
1760769156,0,0,0,0,0,0,0,0,0,0,0,0,0,0,0,0,0,0
1760769158,0,0,0,0,0,0,0,0,0,0,0,0,0,0,0,0,0,0
1760769160,0,0,0,0,0,0,0,0,0,0,4,5,0,0,4,4,8,3
1760769162,0,0,0,0,0,0,0,0,0,0,5,5,0,0,1,0,0,0
1760769164,0,0,0,0,0,0,0,0,0,0,0,0,0,0,0,0,0,0
1760769166,0,0,0,0,0,0,0,0,0,0,4,18,0,0,0,0,15,15
1760769168,0,0,0,0,0,0,0,0,0,0,0,0,0,0,0,0,1,2
1760769170,0,0,0,0,0,0,0,0,0,0,2,7,0,0,2,6,22,39
1760769172,0,0,0,0,0,0,0,0,0,0,14,19,0,0,0,0,36,29
1760769174,0,0,0,0,0,0,0,0,0,0,0,0,0,0,0,0,37,27
1760769176,0,0,0,0,0,0,0,0,0,0,0,0,0,0,0,0,2,11
1760769178,0,0,0,0,0,0,0,0,0,0,0,0,0,0,0,0,0,0
1760769180,0,0,0,0,0,0,0,0,0,0,3,5,0,0,9,12,7,4
1760769182,0,0,0,0,0,0,0,0,0,0,26,23,0,0,0,0,16,10
1760769184,0,0,0,0,0,0,0,0,0,0,28,20,0,0,0,0,0,0
1760769186,0,0,0,0,0,0,0,0,0,0,19,17,0,0,0,0,0,0
1760769188,0,0,0,0,0,0,0,0,0,0,0,0,0,0,0,0,0,0
1760769190,0,0,0,0,0,0,0,0,0,0,3,5,0,0,14,7,9,2
1760769192,0,0,0,0,0,0,0,0,0,0,24,25,0,0,0,0,9,17
1760769194,0,0,0,0,0,0,0,0,0,0,24,24,0,0,0,0,0,0
1760769196,0,0,0,0,0,0,0,0,0,0,14,22,0,0,0,0,0,0
1760769198,0,0,0,0,0,0,0,0,0,0,0,0,0,0,0,0,0,0
1760769200,0,0,0,0,0,0,0,0,0,0,3,5,0,0,93,79,6,5
1760769202,0,0,0,0,0,0,0,0,0,0,2,1,0,0,0,0,4,2
1760769204,0,0,0,0,0,0,0,0,0,0,0,0,0,0,0,0,0,0
1760769206,0,0,0,0,0,0,0,0,0,0,0,0,0,0,0,0,0,0
1760769208,0,0,0,0,0,0,0,0,0,0,0,0,0,0,0,0,0,0
1760769210,0,0,0,0,0,0,0,0,0,0,5,3,0,0,92,80,8,3
1760769212,0,0,0,0,0,0,0,0,0,0,3,0,0,0,0,0,3,3
1760769214,0,0,0,0,0,0,0,0,0,0,0,0,0,0,0,0,0,0
1760769218,0,0,0,0,0,0,0,0,0,0,0,0,0,0,0,0,0,0
1760769220,0,0,0,0,0,0,0,0,0,0,4,3,0,0,5,5,73,61
1760769222,0,0,0,0,0,0,0,0,0,0,14,16,0,0,9,10,0,0
1760769224,0,0,0,0,0,0,0,0,0,0,0,0,0,0,0,0,0,0
1760769226,0,0,0,0,0,0,0,0,0,0,0,0,0,0,0,0,0,0
1760769228,0,0,0,0,0,0,0,0,0,0,0,0,0,0,0,0,0,0
1760769230,0,0,0,0,0,0,0,0,0,0,5,3,0,0,14,15,6,5
1760769232,0,0,0,0,0,0,0,0,0,0,20,9,0,0,0,0,34,30
1760769234,0,0,0,0,0,0,0,0,0,0,0,0,0,0,0,0,24,35
1760769236,0,0,0,0,0,0,0,0,0,0,0,0,0,0,0,0,0,0
1760769238,0,0,0,0,0,0,0,0,0,0,0,0,0,0,0,0,0,0
1760769240,0,0,0,0,0,0,0,0,0,0,5,3,0,0,26,26,4,8
1760769242,0,0,0,0,0,0,0,0,0,0,29,20,0,0,0,0,1,2
1760769244,0,0,0,0,0,0,0,0,0,0,23,26,0,0,0,0,0,0
1760769246,0,0,0,0,0,0,0,0,0,0,16,11,0,0,0,0,0,0
1760769248,0,0,0,0,0,0,0,0,0,0,0,0,0,0,0,0,0,0
1760769250,0,0,0,0,0,0,0,0,0,0,3,5,0,0,19,33,7,4
1760769252,0,0,0,0,0,0,0,0,0,0,27,22,0,0,0,0,2,2
1760769254,0,0,0,0,0,0,0,0,0,0,26,22,0,0,0,0,0,0
1760769256,0,0,0,0,0,0,0,0,0,0,10,18,0,0,0,0,0,0
1760769258,0,0,0,0,0,0,0,0,0,0,0,0,0,0,0,0,0,0
1760769260,0,0,0,0,0,0,0,0,0,0,0,1,0,0,97,102,0,1
1760769262,0,0,0,0,0,0,0,0,0,0,0,0,0,0,0,0,0,0
1760769264,0,0,0,0,0,0,0,0,0,0,0,0,0,0,0,0,0,0
1760769266,0,0,0,0,0,0,0,0,0,0,0,0,0,0,0,0,0,0
1760769268,0,0,0,0,0,0,0,0,0,0,0,0,0,0,0,0,0,0
1760769270,0,0,0,0,0,0,0,0,0,0,1,0,0,0,103,96,1,0
1760769272,0,0,0,0,0,0,0,0,0,0,0,0,0,0,0,0,0,0
1760769274,0,0,0,0,0,0,0,0,0,0,0,0,0,0,0,0,0,0
1760769276,0,0,0,0,0,0,0,0,0,0,0,0,0,0,0,0,0,0
1760769278,0,0,0,0,0,0,0,0,0,0,0,0,0,0,0,0,0,0
1760769280,0,0,0,0,0,0,0,0,0,0,4,2,0,0,2,9,81,84
1760769282,0,0,0,0,0,0,0,0,0,0,5,0,0,0,6,7,0,0
1760769284,0,0,0,0,0,0,0,0,0,0,0,0,0,0,0,0,0,0
1760769286,0,0,0,0,0,0,0,0,0,0,0,0,0,0,0,0,0,0
1760769288,0,0,0,0,0,0,0,0,0,0,0,0,0,0,0,0,0,0
1760769292,0,0,0,0,0,0,0,0,0,0,1,4,0,0,0,0,0,0
1760769294,0,0,0,0,0,0,0,0,0,0,0,0,0,0,0,0,0,0
1760769296,0,0,0,0,0,0,0,0,0,0,0,0,0,0,0,0,0,0
1760769298,0,0,0,0,0,0,0,0,0,0,0,0,0,0,8,7,0,0
1760769300,0,0,0,0,0,0,0,0,0,0,5,4,0,0,1,2,4,6
1760769302,0,0,0,0,0,0,0,0,0,0,31,17,0,0,0,0,0,0
1760769304,0,0,0,0,0,0,0,0,0,0,16,33,0,0,0,0,0,0
1760769306,0,0,0,0,0,0,0,0,0,0,21,28,0,0,0,0,0,0
1760769308,0,0,0,0,0,0,0,0,0,0,17,15,0,0,0,0,0,0
1760769310,0,0,0,0,0,0,0,0,0,0,1,8,0,0,3,0,5,5
1760769312,0,0,0,0,0,0,0,0,0,0,27,21,0,0,0,0,0,0
1760769314,0,0,0,0,0,0,0,0,0,0,28,21,0,0,0,0,0,0
1760769316,0,0,0,0,0,0,0,0,0,0,24,24,0,0,0,0,0,0
1760769318,0,0,0,0,0,0,0,0,0,0,15,18,0,0,0,0,0,0
1760769320,0,0,0,0,0,0,0,0,0,0,2,6,0,0,72,66,0,1
1760769322,0,0,0,0,0,0,0,0,0,0,23,26,0,0,0,0,0,0
1760769324,0,0,0,0,0,0,0,0,0,0,0,1,0,0,1,0,0,0
1760769326,0,0,0,0,0,0,0,0,0,0,0,0,0,0,0,0,0,0
1760769328,0,0,0,0,0,0,0,0,0,0,0,0,0,0,0,0,0,0
1760769330,0,0,0,0,0,0,0,0,0,0,4,3,0,0,9,2,1,0
1760769332,0,0,0,0,0,0,0,0,0,0,12,27,0,0,36,28,0,0
1760769334,0,0,0,0,0,0,0,0,0,0,5,9,0,0,40,23,0,0
1760769336,0,0,0,0,0,0,0,0,0,0,0,0,0,0,0,0,0,0
1760769338,0,0,0,0,0,0,0,0,0,0,0,0,0,0,0,0,0,0
1760769340,0,0,0,0,0,0,0,0,0,0,3,3,0,0,5,6,59,86
1760769342,0,0,0,0,0,0,0,0,0,0,22,16,0,0,0,0,0,0
1760769344,0,0,0,0,0,0,0,0,0,0,0,0,0,0,0,0,3,7
1760769348,0,0,0,0,0,0,0,0,0,0,0,3,0,0,0,0,0,0
1760769350,0,0,0,0,0,0,0,0,0,0,4,4,0,0,6,5,5,6
1760769352,0,0,0,0,0,0,0,0,0,0,23,13,0,0,0,0,32,33
1760769354,0,0,0,0,0,0,0,0,0,0,0,0,0,0,0,0,36,28
1760769356,0,0,0,0,0,0,0,0,0,0,0,0,0,0,0,0,2,3
1760769358,0,0,0,0,0,0,0,0,0,0,0,0,0,0,0,0,0,0
1760769360,0,0,0,0,0,0,0,0,0,0,4,4,0,0,13,12,2,9
1760769362,0,0,0,0,0,0,0,0,0,0,29,20,0,0,0,0,19,8
1760769364,0,0,0,0,0,0,0,0,0,0,21,28,0,0,0,0,0,0
1760769366,0,0,0,0,0,0,0,0,0,0,12,19,0,0,0,0,0,0
1760769368,0,0,0,0,0,0,0,0,0,0,0,0,0,0,0,0,0,0
1760769370,0,0,0,0,0,0,0,0,0,0,5,3,0,0,14,11,6,5
1760769372,0,0,0,0,0,0,0,0,0,0,21,28,0,0,0,0,8,19
1760769374,0,0,0,0,0,0,0,0,0,0,28,20,0,0,0,0,0,0
1760769376,0,0,0,0,0,0,0,0,0,0,19,13,0,0,0,0,0,0
1760769378,0,0,0,0,0,0,0,0,0,0,0,0,0,0,0,0,0,0
1760769380,0,0,0,0,0,0,0,0,0,0,4,3,0,0,97,93,1,2
1760769382,0,0,0,0,0,0,0,0,0,0,0,0,0,0,0,0,0,0
1760769384,0,0,0,0,0,0,0,0,0,0,0,0,0,0,0,0,0,0
1760769386,0,0,0,0,0,0,0,0,0,0,0,0,0,0,0,0,0,0
1760769388,0,0,0,0,0,0,0,0,0,0,0,0,0,0,0,0,0,0
1760769390,0,0,0,0,0,0,0,0,0,0,5,2,0,0,107,83,2,1
1760769392,0,0,0,0,0,0,0,0,0,0,0,0,0,0,0,0,0,0
1760769394,0,0,0,0,0,0,0,0,0,0,0,0,0,0,0,0,0,0
1760769396,0,0,0,0,0,0,0,0,0,0,0,0,0,0,0,0,0,0
1760769398,0,0,0,0,0,0,0,0,0,0,0,0,0,0,0,0,0,0
1760769400,0,0,0,0,0,0,0,0,0,0,4,2,0,0,7,3,76,96
1760769402,0,0,0,0,0,0,0,0,0,0,6,5,0,0,0,1,0,0
1760769404,0,0,0,0,0,0,0,0,0,0,0,0,0,0,0,0,0,0
1760769406,0,0,0,0,0,0,0,0,0,0,0,0,0,0,0,0,0,0
1760769408,0,0,0,0,0,0,0,0,0,0,0,0,0,0,0,0,0,0
1760769410,0,0,0,0,0,0,0,0,0,0,2,4,0,0,8,2,81,91
1760769412,0,0,0,0,0,0,0,0,0,0,8,3,0,0,1,0,0,0
1760769414,0,0,0,0,0,0,0,0,0,0,0,0,0,0,0,0,0,0
1760769416,0,0,0,0,0,0,0,0,0,0,0,0,0,0,0,0,0,0
1760769418,0,0,0,0,0,0,0,0,0,0,0,0,0,0,0,0,0,0
1760769420,0,0,0,0,0,0,0,0,0,0,96,97,0,0,1,3,2,1
1760769422,0,0,0,0,0,0,0,0,0,0,0,0,0,0,0,0,0,0
1760769424,0,0,0,0,0,0,0,0,0,0,0,0,0,0,0,0,0,0
1760769426,0,0,0,0,0,0,0,0,0,0,0,0,0,0,0,0,0,0
1760769428,0,0,0,0,0,0,0,0,0,0,0,0,0,0,0,0,0,0
1760769430,0,0,0,0,0,0,0,0,0,0,92,101,0,0,1,3,3,0
1760769432,0,0,0,0,0,0,0,0,0,0,0,0,0,0,0,0,0,0
1760769434,0,0,0,0,0,0,0,0,0,0,0,0,0,0,0,0,0,0
1760769436,0,0,0,0,0,0,0,0,0,0,0,0,0,0,0,0,0,0
1760769438,0,0,0,0,0,0,0,0,0,0,0,0,0,0,0,0,0,0
1760769440,0,0,0,0,0,0,0,0,0,0,3,5,0,0,76,65,7,3
1760769442,0,0,0,0,0,0,0,0,0,0,18,23,0,0,0,0,0,0
1760769444,0,0,0,0,0,0,0,0,0,0,0,0,0,0,0,0,0,0
1760769446,0,0,0,0,0,0,0,0,0,0,0,0,0,0,0,0,0,0
1760769448,0,0,0,0,0,0,0,0,0,0,0,0,0,0,0,0,0,0
1760769450,0,0,0,0,0,0,0,0,0,0,6,2,0,0,77,64,5,5
1760769452,0,0,0,0,0,0,0,0,0,0,4,5,0,0,1,0,0,0
1760769454,0,0,0,0,0,0,0,0,0,0,0,0,0,0,0,0,0,0
1760769456,0,0,0,0,0,0,0,0,0,0,0,0,0,0,0,0,0,0
1760769458,0,0,0,0,0,0,0,0,0,0,0,0,0,0,0,0,0,0
1760769460,0,0,0,0,0,0,0,0,0,0,5,1,0,0,3,6,79,86
1760769462,0,0,0,0,0,0,0,0,0,0,12,8,0,0,0,0,0,0
1760769464,0,0,0,0,0,0,0,0,0,0,0,0,0,0,0,0,0,0
1760769466,0,0,0,0,0,0,0,0,0,0,0,0,0,0,0,0,0,0
1760769468,0,0,0,0,0,0,0,0,0,0,0,0,0,0,0,0,0,0
1760769470,0,0,0,0,0,0,0,0,0,0,17,18,0,0,0,0,1,0
1760769472,0,0,0,0,0,0,0,0,0,0,4,16,0,0,0,0,0,0
1760769474,0,0,0,0,0,0,0,0,0,0,0,0,0,0,0,0,0,0
1760769476,0,0,0,0,0,0,0,0,0,0,0,0,0,0,0,0,0,0
1760769478,0,0,0,0,0,0,0,0,0,0,0,0,0,0,3,4,0,0
1760769480,0,0,0,0,0,0,0,0,0,0,78,89,0,0,1,2,3,3
1760769482,0,0,0,0,0,0,0,0,0,0,0,0,0,0,0,0,17,7
1760769484,0,0,0,0,0,0,0,0,0,0,0,0,0,0,0,0,0,0
1760769486,0,0,0,0,0,0,0,0,0,0,0,0,0,0,0,0,0,0
1760769488,0,0,0,0,0,0,0,0,0,0,0,0,0,0,0,0,0,0
1760769490,0,0,0,0,0,0,0,0,0,0,79,88,0,0,0,3,2,4
1760769492,0,0,0,0,0,0,0,0,0,0,0,0,0,0,0,0,0,0
1760769494,0,0,0,0,0,0,0,0,0,0,0,0,0,0,0,0,0,0
1760769496,0,0,0,0,0,0,0,0,0,0,0,0,0,0,0,0,0,0
1760769498,0,0,0,0,0,0,0,0,0,0,0,0,0,0,0,0,0,0
1760769500,0,0,0,0,0,0,0,0,0,0,3,5,0,0,74,78,4,5
1760769502,0,0,0,0,0,0,0,0,0,0,15,16,0,0,0,0,0,0
1760769504,0,0,0,0,0,0,0,0,0,0,0,0,0,0,0,0,0,0
1760769506,0,0,0,0,0,0,0,0,0,0,0,0,0,0,0,0,0,0
1760769508,0,0,0,0,0,0,0,0,0,0,0,0,0,0,0,0,0,0
1760769510,0,0,0,0,0,0,0,0,0,0,7,1,0,0,79,73,4,5
1760769512,0,0,0,0,0,0,0,0,0,0,8,17,0,0,1,1,76,89
1760769514,0,0,0,0,0,0,0,0,0,0,0,0,0,0,0,0,0,0
1760769516,0,0,0,0,0,0,0,0,0,0,0,0,0,0,0,0,13,11
1760769518,0,0,0,0,0,0,0,0,0,0,0,0,0,0,0,0,0,0
1760769520,0,0,0,0,0,0,0,0,0,0,1,0,0,0,0,1,3,3
1760769522,0,0,0,0,0,0,0,0,0,0,0,0,0,0,0,0,23,16
1760769524,0,0,0,0,0,0,0,0,0,0,0,0,0,0,0,0,16,24
1760769526,0,0,0,0,0,0,0,0,0,0,0,0,0,0,0,0,18,21
1760769528,0,0,0,0,0,0,0,0,0,0,0,0,0,0,0,0,17,22
1760769530,0,0,0,0,0,0,0,0,0,0,0,1,0,0,0,1,23,15
1760769532,0,0,0,0,0,0,0,0,0,0,0,0,0,0,0,0,14,25
1760769534,0,0,0,0,0,0,0,0,0,0,0,0,0,0,0,0,23,16
1760769536,0,0,0,0,0,0,0,0,0,0,0,0,0,0,0,0,17,22
1760769538,0,0,0,0,0,0,0,0,0,0,0,0,0,0,0,0,18,21
1760769540,0,0,0,0,0,0,0,0,0,0,65,62,0,0,2,6,17,17
1760769542,0,0,0,0,0,0,0,0,0,0,0,0,0,0,22,25,0,0
1760769544,0,0,0,0,0,0,0,0,0,0,0,0,0,0,4,12,0,0
1760769546,0,0,0,0,0,0,0,0,0,0,0,0,0,0,0,0,0,0
1760769550,0,0,0,0,0,0,0,0,0,0,12,4,0,0,34,37,1,1
1760769552,0,0,0,0,0,0,0,0,0,0,23,26,0,0,0,0,0,0
1760769554,0,0,0,0,0,0,0,0,0,0,30,18,0,0,0,0,0,0
1760769556,0,0,0,0,0,0,0,0,0,0,10,12,0,0,0,0,0,0
1760769558,0,0,0,0,0,0,0,0,0,0,0,0,0,0,0,0,0,0
1760769560,0,0,0,0,0,0,0,0,0,0,1,7,0,0,68,61,3,8
1760769562,0,0,0,0,0,0,0,0,0,0,25,13,0,0,0,0,6,8
1760769564,0,0,0,0,0,0,0,0,0,0,0,0,0,0,0,0,0,0
1760769566,0,0,0,0,0,0,0,0,0,0,0,0,0,0,0,0,0,0
1760769568,0,0,0,0,0,0,0,0,0,0,0,0,0,0,0,0,0,0
1760769570,0,0,0,0,0,0,0,0,0,0,5,1,0,0,6,5,16,9
1760769572,0,0,0,0,0,0,0,0,0,0,24,16,0,0,28,36,0,0
1760769574,0,0,0,0,0,0,0,0,0,0,0,0,0,0,29,25,0,0
1760769576,0,0,0,0,0,0,0,0,0,0,0,0,0,0,0,0,0,0
1760769578,0,0,0,0,0,0,0,0,0,0,0,0,0,0,0,0,0,0
1760769580,0,0,0,0,0,0,0,0,0,0,2,4,0,0,3,4,98,85
1760769582,0,0,0,0,0,0,0,0,0,0,2,2,0,0,0,0,0,0
1760769584,0,0,0,0,0,0,0,0,0,0,0,0,0,0,0,0,0,0
1760769586,0,0,0,0,0,0,0,0,0,0,0,0,0,0,0,0,0,0
1760769588,0,0,0,0,0,0,0,0,0,0,0,0,0,0,0,0,0,0
1760769590,0,0,0,0,0,0,0,0,0,0,3,3,0,0,4,3,95,88
1760769592,0,0,0,0,0,0,0,0,0,0,2,2,0,0,0,0,0,0
1760769594,0,0,0,0,0,0,0,0,0,0,0,0,0,0,0,0,0,0
1760769596,0,0,0,0,0,0,0,0,0,0,0,0,0,0,0,0,0,0
1760769598,0,0,0,0,0,0,0,0,0,0,0,0,0,0,0,0,0,0
1760769600,0,0,0,0,0,0,0,0,0,0,4,2,0,0,6,4,9,6
1760769602,0,0,0,0,0,0,0,0,0,0,53,55,0,0,0,0,0,0
1760769606,0,0,0,0,0,0,0,0,0,0,0,0,0,0,0,0,0,0
1760769608,0,0,0,0,0,0,0,0,0,0,0,0,0,0,17,14,0,0
1760769610,0,0,0,0,0,0,0,0,0,0,5,3,0,0,26,34,2,9
1760769612,0,0,0,0,0,0,0,0,0,0,25,24,0,0,0,0,1,3
1760769614,0,0,0,0,0,0,0,0,0,0,22,26,0,0,0,0,0,0
1760769616,0,0,0,0,0,0,0,0,0,0,8,12,0,0,0,0,0,0
1760769618,0,0,0,0,0,0,0,0,0,0,0,0,0,0,0,0,0,0
1760769620,0,0,0,0,0,0,0,0,0,0,0,1,0,0,98,102,1,0
1760769622,0,0,0,0,0,0,0,0,0,0,0,0,0,0,0,0,0,0
1760769624,0,0,0,0,0,0,0,0,0,0,8,4,0,0,13,6,0,0
1760769626,0,0,0,0,0,0,0,0,0,0,0,0,0,0,0,0,0,0
1760769628,0,0,0,0,0,0,0,0,0,0,0,0,0,0,0,0,0,0
1760769630,0,0,0,0,0,0,0,0,0,0,0,1,0,0,5,6,0,1
1760769632,0,0,0,0,0,0,0,0,0,0,0,0,0,0,40,24,0,0
1760769634,0,0,0,0,0,0,0,0,0,0,0,0,0,0,37,27,0,0
1760769636,0,0,0,0,0,0,0,0,0,0,0,0,0,0,28,33,0,0
1760769638,0,0,0,0,0,0,0,0,0,0,0,0,0,0,0,0,0,0
1760769640,0,0,0,0,0,0,0,0,0,0,0,1,0,0,0,2,93,105
1760769642,0,0,0,0,0,0,0,0,0,0,0,0,0,0,0,0,0,0
1760769644,0,0,0,0,0,0,0,0,0,0,0,0,0,0,0,0,0,0
1760769646,0,0,0,0,0,0,0,0,0,0,0,0,0,0,0,0,0,0
1760769648,0,0,0,0,0,0,0,0,0,0,0,0,0,0,0,0,0,0
1760769650,0,0,0,0,0,0,0,0,0,0,1,0,0,0,2,0,99,99
1760769652,0,0,0,0,0,0,0,0,0,0,0,0,0,0,0,0,0,0
1760769654,0,0,0,0,0,0,0,0,0,0,0,0,0,0,0,0,0,0
1760769656,0,0,0,0,0,0,0,0,0,0,0,0,0,0,0,0,0,0
1760769658,0,0,0,0,0,0,0,0,0,0,0,0,0,0,0,0,0,0
1760769660,0,0,0,0,0,0,0,0,0,0,68,53,0,0,3,5,5,1
1760769662,0,0,0,0,0,0,0,0,0,0,0,0,0,0,16,26,12,11
1760769664,0,0,0,0,0,0,0,0,0,0,0,0,0,0,0,0,0,0
1760769666,0,0,0,0,0,0,0,0,0,0,0,0,0,0,0,0,0,0
1760769668,0,0,0,0,0,0,0,0,0,0,0,0,0,0,0,0,0,0
1760769670,0,0,0,0,0,0,0,0,0,0,55,66,0,0,3,5,3,3
1760769672,0,0,0,0,0,0,0,0,0,0,0,0,0,0,26,16,12,11
1760769674,0,0,0,0,0,0,0,0,0,0,0,0,0,0,0,0,0,0
1760769676,0,0,0,0,0,0,0,0,0,0,0,0,0,0,0,0,0,0
1760769678,0,0,0,0,0,0,0,0,0,0,0,0,0,0,0,0,0,0
1760769680,0,0,0,0,0,0,0,0,0,0,3,5,0,0,86,85,5,6
1760769682,0,0,0,0,0,0,0,0,0,0,3,1,0,0,2,2,2,1
1760769684,0,0,0,0,0,0,0,0,0,0,0,0,0,0,0,0,0,0
1760769686,0,0,0,0,0,0,0,0,0,0,0,0,0,0,0,0,0,0
1760769688,0,0,0,0,0,0,0,0,0,0,0,0,0,0,0,0,0,0
1760769690,0,0,0,0,0,0,0,0,0,0,3,5,0,0,89,86,2,9
1760769692,0,0,0,0,0,0,0,0,0,0,1,3,0,0,0,0,1,2
1760769694,0,0,0,0,0,0,0,0,0,0,0,0,0,0,0,0,0,0
1760769696,0,0,0,0,0,0,0,0,0,0,0,0,0,0,0,0,0,0
1760769698,0,0,0,0,0,0,0,0,0,0,0,0,0,0,0,0,0,0
1760769700,0,0,0,0,0,0,0,0,0,0,4,2,0,0,4,6,70,71
1760769702,0,0,0,0,0,0,0,0,0,0,11,16,0,0,7,9,0,0
1760769704,0,0,0,0,0,0,0,0,0,0,0,0,0,0,0,0,0,0
1760769706,0,0,0,0,0,0,0,0,0,0,0,0,0,0,0,0,0,0
1760769708,0,0,0,0,0,0,0,0,0,0,0,0,0,0,0,0,0,0
1760769710,0,0,0,0,0,0,0,0,0,0,4,3,0,0,7,4,77,64
1760769714,0,0,0,0,0,0,0,0,0,0,0,0,0,0,0,0,0,0
1760769716,0,0,0,0,0,0,0,0,0,0,0,0,0,0,0,0,0,0
1760769718,0,0,0,0,0,0,0,0,0,0,0,0,0,0,0,0,0,0
1760769720,0,0,0,0,0,0,0,0,0,0,68,61,0,0,4,4,4,2
1760769722,0,0,0,0,0,0,0,0,0,0,0,0,0,0,25,21,5,6
1760769724,0,0,0,0,0,0,0,0,0,0,0,0,0,0,0,0,0,0
1760769726,0,0,0,0,0,0,0,0,0,0,0,0,0,0,0,0,0,0
1760769728,0,0,0,0,0,0,0,0,0,0,0,0,0,0,0,0,0,0
1760769730,0,0,0,0,0,0,0,0,0,0,66,63,0,0,3,5,3,4
1760769732,0,0,0,0,0,0,0,0,0,0,0,0,0,0,0,0,0,0
1760769734,0,0,0,0,0,0,0,0,0,0,0,0,0,0,0,0,0,0
1760769736,0,0,0,0,0,0,0,0,0,0,0,0,0,0,0,0,0,0
1760769738,0,0,0,0,0,0,0,0,0,0,0,0,0,0,13,17,0,0
1760769740,0,0,0,0,0,0,0,0,0,0,3,3,0,0,71,85,5,6
1760769742,0,0,0,0,0,0,0,0,0,0,0,0,0,0,0,0,13,14
1760769744,0,0,0,0,0,0,0,0,0,0,0,0,0,0,0,0,0,0
1760769746,0,0,0,0,0,0,0,0,0,0,0,0,0,0,0,0,0,0
1760769748,0,0,0,0,0,0,0,0,0,0,0,0,0,0,0,0,0,0
1760769750,0,0,0,0,0,0,0,0,0,0,2,4,0,0,88,68,7,4
1760769752,0,0,0,0,0,0,0,0,0,0,0,0,0,0,0,0,16,11
1760769754,0,0,0,0,0,0,0,0,0,0,0,0,0,0,0,0,0,0
1760769756,0,0,0,0,0,0,0,0,0,0,0,0,0,0,0,0,0,0
1760769758,0,0,0,0,0,0,0,0,0,0,0,0,0,0,0,0,0,0
1760769760,0,0,0,0,0,0,0,0,0,0,2,5,0,0,0,3,7,4
1760769762,0,0,0,0,0,0,0,0,0,0,0,0,0,0,0,0,32,33
1760769764,0,0,0,0,0,0,0,0,0,0,0,0,0,0,0,0,28,36
1760769766,0,0,0,0,0,0,0,0,0,0,0,0,0,0,0,0,20,19
1760769770,0,0,0,0,0,0,0,0,0,0,3,4,0,0,11,8,4,13
1760769772,0,0,0,0,0,0,0,0,0,0,0,0,0,0,0,0,19,20
1760769774,0,0,0,0,0,0,0,0,0,0,0,0,0,0,0,0,17,22
1760769776,0,0,0,0,0,0,0,0,0,0,0,0,0,0,0,0,18,22
1760769778,0,0,0,0,0,0,0,0,0,0,0,0,0,0,0,0,19,20
1760769780,0,0,0,0,0,0,0,0,0,0,83,77,0,0,3,5,13,19
1760769782,0,0,0,0,0,0,0,0,0,0,0,0,0,0,14,11,0,1
1760769784,0,0,0,0,0,0,0,0,0,0,0,0,0,0,0,0,0,0
1760769786,0,0,0,0,0,0,0,0,0,0,0,0,0,0,0,0,0,0
1760769788,0,0,0,0,0,0,0,0,0,0,0,0,0,0,0,0,0,0
1760769790,0,0,0,0,0,0,0,0,0,0,74,86,0,0,7,1,2,4
1760769792,0,0,0,0,0,0,0,0,0,0,0,0,0,0,13,12,1,0
1760769794,0,0,0,0,0,0,0,0,0,0,0,0,0,0,0,0,0,0
1760769796,0,0,0,0,0,0,0,0,0,0,0,0,0,0,0,0,0,0
1760769798,0,0,0,0,0,0,0,0,0,0,0,0,0,0,0,0,0,0
1760769800,0,0,0,0,0,0,0,0,0,0,0,1,0,0,4,4,4,2
1760769802,0,0,0,0,0,0,0,0,0,0,0,0,0,0,84,61,6,6
1760769804,0,0,0,0,0,0,0,0,0,0,0,0,0,0,0,0,0,0
1760769806,0,0,0,0,0,0,0,0,0,0,0,0,0,0,0,0,0,0
1760769808,0,0,0,0,0,0,0,0,0,0,0,0,0,0,0,0,0,0
1760769810,0,0,0,0,0,0,0,0,0,0,0,1,0,0,100,93,4,2
1760769812,0,0,0,0,0,0,0,0,0,0,0,0,0,0,0,0,0,0
1760769814,0,0,0,0,0,0,0,0,0,0,0,0,0,0,0,0,0,0
1760769816,0,0,0,0,0,0,0,0,0,0,0,0,0,0,0,0,0,0
1760769818,0,0,0,0,0,0,0,0,0,0,0,0,0,0,0,0,0,0
1760769820,0,0,0,0,0,0,0,0,0,0,3,3,0,0,4,7,70,74
1760769822,0,0,0,0,0,0,0,0,0,0,7,18,0,0,6,9,0,0
1760769824,0,0,0,0,0,0,0,0,0,0,0,0,0,0,0,0,0,0
1760769826,0,0,0,0,0,0,0,0,0,0,0,0,0,0,0,0,0,0
1760769828,0,0,0,0,0,0,0,0,0,0,0,0,0,0,0,0,0,0
1760769830,0,0,0,0,0,0,0,0,0,0,4,2,0,0,7,3,72,72
1760769832,0,0,0,0,0,0,0,0,0,0,19,6,0,0,8,8,0,0
1760769834,0,0,0,0,0,0,0,0,0,0,0,0,0,0,0,0,0,0
1760769836,0,0,0,0,0,0,0,0,0,0,0,0,0,0,0,0,0,0
1760769838,0,0,0,0,0,0,0,0,0,0,0,0,0,0,0,0,0,0
1760769840,0,0,0,0,0,0,0,0,0,0,4,3,0,0,8,3,1,4
1760769842,0,0,0,0,0,0,0,0,0,0,19,20,0,0,8,8,0,0
1760769844,0,0,0,0,0,0,0,0,0,0,19,21,0,0,0,0,0,0
1760769846,0,0,0,0,0,0,0,0,0,0,0,0,0,0,17,24,0,0
1760769848,0,0,0,0,0,0,0,0,0,0,0,0,0,0,0,0,0,0
1760769850,0,0,0,0,0,0,0,0,0,0,95,74,0,0,4,4,1,4
1760769852,0,0,0,0,0,0,0,0,0,0,0,0,0,0,9,10,0,0
1760769854,0,0,0,0,0,0,0,0,0,0,0,0,0,0,0,0,0,0
1760769856,0,0,0,0,0,0,0,0,0,0,0,0,0,0,0,0,0,0
1760769858,0,0,0,0,0,0,0,0,0,0,0,0,0,0,0,0,0,0
1760769860,0,0,0,0,0,0,0,0,0,0,0,0,0,0,0,0,0,0
1760769862,0,0,0,0,0,0,0,0,0,0,0,0,0,0,0,0,0,0
1760769866,0,0,0,0,0,0,0,0,0,0,0,0,0,0,0,0,0,0
1760769868,0,0,0,0,0,0,0,0,0,0,0,0,0,0,0,0,0,0
1760769870,0,0,0,0,0,0,0,0,0,0,3,0,0,0,0,0,0,1
1760769872,0,0,0,0,0,0,0,0,0,0,9,16,0,0,94,77,0,0
1760769874,0,0,0,0,0,0,0,0,0,0,0,0,0,0,0,0,0,0
1760769876,0,0,0,0,0,0,0,0,0,0,0,0,0,0,0,0,0,0
1760769878,0,0,0,0,0,0,0,0,0,0,0,0,0,0,0,0,0,0
1760769880,0,0,0,0,0,0,0,0,0,0,7,1,0,0,89,82,1,0
1760769882,0,0,0,0,0,0,0,0,0,0,9,11,0,0,0,0,0,0
1760769884,0,0,0,0,0,0,0,0,0,0,15,17,0,0,0,0,0,0
1760769886,0,0,0,0,0,0,0,0,0,0,0,0,0,0,0,0,0,0
1760769888,0,0,0,0,0,0,0,0,0,0,0,0,0,0,0,0,0,0
1760769890,0,0,0,0,0,0,0,0,0,0,2,5,0,0,6,5,1,0
1760769892,0,0,0,0,0,0,0,0,0,0,8,13,0,0,29,35,0,0
1760769894,0,0,0,0,0,0,0,0,0,0,0,0,0,0,33,32,0,0
1760769896,0,0,0,0,0,0,0,0,0,0,0,0,0,0,16,15,0,0
1760769898,0,0,0,0,0,0,0,0,0,0,0,0,0,0,0,0,0,0
1760769900,0,0,0,0,0,0,0,0,0,0,4,3,0,0,4,5,63,79
1760769902,0,0,0,0,0,0,0,0,0,0,9,8,0,0,0,0,0,0
1760769904,0,0,0,0,0,0,0,0,0,0,0,0,0,0,0,0,0,0
1760769906,0,0,0,0,0,0,0,0,0,0,0,0,0,0,0,0,0,0
1760769908,0,0,0,0,0,0,0,0,0,0,0,0,0,0,0,0,0,0
1760769910,0,0,0,0,0,0,0,0,0,0,27,22,0,0,3,4,2,4
1760769912,0,0,0,0,0,0,0,0,0,0,0,0,0,0,1,1,21,18
1760769914,0,0,0,0,0,0,0,0,0,0,0,0,0,0,0,0,18,22
1760769916,0,0,0,0,0,0,0,0,0,0,0,0,0,0,0,0,22,17
1760769918,0,0,0,0,0,0,0,0,0,0,0,0,0,0,0,0,10,8
1760769920,0,0,0,0,0,0,0,0,0,0,27,22,0,0,6,2,4,3
1760769922,0,0,0,0,0,0,0,0,0,0,0,0,0,0,0,1,28,11
1760769924,0,0,0,0,0,0,0,0,0,0,0,0,0,0,0,0,15,24
1760769926,0,0,0,0,0,0,0,0,0,0,0,0,0,0,0,0,19,20
1760769928,0,0,0,0,0,0,0,0,0,0,0,0,0,0,0,0,7,11
1760769930,0,0,0,0,0,0,0,0,0,0,80,99,0,0,4,3,4,2
1760769932,0,0,0,0,0,0,0,0,0,0,0,0,0,0,0,0,3,5
1760769934,0,0,0,0,0,0,0,0,0,0,0,0,0,0,0,0,0,0
1760769936,0,0,0,0,0,0,0,0,0,0,0,0,0,0,0,0,0,0
1760769938,0,0,0,0,0,0,0,0,0,0,0,0,0,0,0,0,0,0
1760769940,0,0,0,0,0,0,0,0,0,0,5,3,0,0,4,3,7,4
1760769942,0,0,0,0,0,0,0,0,0,0,23,26,0,0,0,0,1,2
1760769944,0,0,0,0,0,0,0,0,0,0,26,23,0,0,0,0,0,0
1760769946,0,0,0,0,0,0,0,0,0,0,30,19,0,0,0,0,0,0
1760769948,0,0,0,0,0,0,0,0,0,0,11,13,0,0,0,0,0,0
1760769950,0,0,0,0,0,0,0,0,0,0,5,4,0,0,1,6,7,4
1760769952,0,0,0,0,0,0,0,0,0,0,27,21,0,0,0,0,2,1
1760769954,0,0,0,0,0,0,0,0,0,0,12,14,0,0,0,0,0,0
1760769956,0,0,0,0,0,0,0,0,0,0,0,0,0,0,0,0,0,0
1760769958,0,0,0,0,0,0,0,0,0,0,0,0,0,0,0,0,0,0
1760769960,0,0,0,0,0,0,0,0,0,0,1,4,0,0,7,4,1,0
1760769962,0,0,0,0,0,0,0,0,0,0,3,0,0,0,32,32,0,0
1760769964,0,0,0,0,0,0,0,0,0,0,0,0,0,0,35,30,0,0
1760769966,0,0,0,0,0,0,0,0,0,0,0,0,0,0,25,26,0,0
1760769968,0,0,0,0,0,0,0,0,0,0,0,0,0,0,0,0,0,0
1760769970,0,0,0,0,0,0,0,0,0,0,4,3,0,0,5,6,0,1
1760769972,0,0,0,0,0,0,0,0,0,0,1,0,0,0,35,30,0,0
1760769974,0,0,0,0,0,0,0,0,0,0,0,0,0,0,31,32,0,0
1760769976,0,0,0,0,0,0,0,0,0,0,0,0,0,0,21,31,0,0
1760769978,0,0,0,0,0,0,0,0,0,0,0,0,0,0,0,0,0,0
1760769980,0,0,0,0,0,0,0,0,0,0,3,4,0,0,7,4,1,0
1760769982,0,0,0,0,0,0,0,0,0,0,0,1,0,0,30,34,0,0
1760769984,0,0,0,0,0,0,0,0,0,0,0,0,0,0,37,28,0,0
1760769986,0,0,0,0,0,0,0,0,0,0,0,0,0,0,24,27,0,0
1760769988,0,0,0,0,0,0,0,0,0,0,0,0,0,0,0,0,0,0
1760769990,0,0,0,0,0,0,0,0,0,0,2,4,0,0,0,1,80,74
1760769992,0,0,0,0,0,0,0,0,0,0,18,21,0,0,0,0,0,0
1760769994,0,0,0,0,0,0,0,0,0,0,0,0,0,0,0,0,0,0
1760769996,0,0,0,0,0,0,0,0,0,0,0,0,0,0,0,0,0,0
1760769998,0,0,0,0,0,0,0,0,0,0,0,0,0,0,0,0,0,0
1760770000,0,0,0,0,0,0,0,0,0,0,2,4,0,0,0,1,66,88
1760770004,0,0,0,0,0,0,0,0,0,0,0,0,0,0,0,0,0,0
1760770006,0,0,0,0,0,0,0,0,0,0,0,0,0,0,0,0,0,0
1760770008,0,0,0,0,0,0,0,0,0,0,0,0,0,0,0,0,0,0
1760770010,0,0,0,0,0,0,0,0,0,0,17,28,0,0,0,1,1,5
1760770012,0,0,0,0,0,0,0,0,0,0,0,0,0,0,0,0,16,23
1760770014,0,0,0,0,0,0,0,0,0,0,0,0,0,0,0,0,20,20
1760770016,0,0,0,0,0,0,0,0,0,0,0,0,0,0,0,0,24,15
1760770018,0,0,0,0,0,0,0,0,0,0,0,0,0,0,0,0,18,12
1760770020,0,0,0,0,0,0,0,0,0,0,74,63,0,0,2,6,2,4
1760770022,0,0,0,0,0,0,0,0,0,0,19,15,0,0,8,8,0,0
1760770024,0,0,0,0,0,0,0,0,0,0,0,0,0,0,0,0,0,0
1760770026,0,0,0,0,0,0,0,0,0,0,0,0,0,0,0,0,0,0
1760770028,0,0,0,0,0,0,0,0,0,0,0,0,0,0,0,0,0,0
1760770030,0,0,0,0,0,0,0,0,0,0,2,6,0,0,19,23,5,6
1760770032,0,0,0,0,0,0,0,0,0,0,27,22,0,0,0,0,6,3
1760770034,0,0,0,0,0,0,0,0,0,0,23,25,0,0,0,0,0,0
1760770036,0,0,0,0,0,0,0,0,0,0,14,18,0,0,0,0,0,0
1760770038,0,0,0,0,0,0,0,0,0,0,0,0,0,0,0,0,0,0
1760770040,0,0,0,0,0,0,0,0,0,0,3,6,0,0,18,24,7,4
1760770042,0,0,0,0,0,0,0,0,0,0,22,27,0,0,0,0,3,6
1760770044,0,0,0,0,0,0,0,0,0,0,28,20,0,0,0,0,0,0
1760770046,0,0,0,0,0,0,0,0,0,0,8,23,0,0,0,0,0,0
1760770048,0,0,0,0,0,0,0,0,0,0,0,0,0,0,0,0,0,0
1760770050,0,0,0,0,0,0,0,0,0,0,5,3,0,0,58,64,4,4
1760770052,0,0,0,0,0,0,0,0,0,0,18,31,0,0,0,0,0,0
1760770054,0,0,0,0,0,0,0,0,0,0,5,8,0,0,0,0,0,0
1760770056,0,0,0,0,0,0,0,0,0,0,0,0,0,0,0,0,0,0
1760770058,0,0,0,0,0,0,0,0,0,0,0,0,0,0,0,0,0,0
1760770060,0,0,0,0,0,0,0,0,0,0,3,3,0,0,5,6,5,3
1760770062,0,0,0,0,0,0,0,0,0,0,16,24,0,0,35,29,0,0
1760770064,0,0,0,0,0,0,0,0,0,0,10,14,0,0,29,18,0,0
1760770066,0,0,0,0,0,0,0,0,0,0,0,0,0,0,0,0,0,0
1760770068,0,0,0,0,0,0,0,0,0,0,0,0,0,0,0,0,0,0
1760770070,0,0,0,0,0,0,0,0,0,0,5,2,0,0,8,3,3,5
1760770072,0,0,0,0,0,0,0,0,0,0,25,14,0,0,35,29,0,0
1760770074,0,0,0,0,0,0,0,0,0,0,12,12,0,0,27,20,0,0
1760770076,0,0,0,0,0,0,0,0,0,0,0,0,0,0,0,0,0,0
1760770078,0,0,0,0,0,0,0,0,0,0,0,0,0,0,0,0,0,0
1760770080,0,0,0,0,0,0,0,0,0,0,4,2,0,0,4,7,92,80
1760770082,0,0,0,0,0,0,0,0,0,0,5,2,0,0,2,2,0,0
1760770084,0,0,0,0,0,0,0,0,0,0,0,0,0,0,0,0,0,0
1760770086,0,0,0,0,0,0,0,0,0,0,0,0,0,0,0,0,0,0
1760770090,0,0,0,0,0,0,0,0,0,0,9,4,0,0,13,14,12,9
1760770092,0,0,0,0,0,0,0,0,0,0,0,0,0,0,3,4,25,14
1760770094,0,0,0,0,0,0,0,0,0,0,0,0,0,0,0,0,18,21
1760770096,0,0,0,0,0,0,0,0,0,0,0,0,0,0,0,0,17,22
1760770098,0,0,0,0,0,0,0,0,0,0,0,0,0,0,0,0,23,17
1760770100,0,0,0,0,0,0,0,0,0,0,7,6,0,0,5,3,7,7
1760770102,0,0,0,0,0,0,0,0,0,0,0,0,0,0,5,2,22,17
1760770104,0,0,0,0,0,0,0,0,0,0,0,0,0,0,0,0,17,22
1760770106,0,0,0,0,0,0,0,0,0,0,0,0,0,0,0,0,16,23
1760770108,0,0,0,0,0,0,0,0,0,0,0,0,0,0,0,0,23,16
1760770110,0,0,0,0,0,0,0,0,0,0,69,69,0,0,3,5,7,9
1760770112,0,0,0,0,0,0,0,0,0,0,0,0,0,0,15,16,9,9
1760770114,0,0,0,0,0,0,0,0,0,0,0,0,0,0,0,0,0,0
1760770116,0,0,0,0,0,0,0,0,0,0,0,0,0,0,0,0,0,0
1760770118,0,0,0,0,0,0,0,0,0,0,0,0,0,0,0,0,0,0
1760770120,0,0,0,0,0,0,0,0,0,0,69,69,0,0,3,5,1,5
1760770122,0,0,0,0,0,0,0,0,0,0,0,0,0,0,0,0,0,0
1760770124,0,0,0,0,0,0,0,0,0,0,0,0,0,0,0,0,0,0
1760770126,0,0,0,0,0,0,0,0,0,0,0,0,0,0,0,0,0,0
1760770128,0,0,0,0,0,0,0,0,0,0,0,0,0,0,0,0,0,0
1760770130,0,0,0,0,0,0,0,0,0,0,6,2,0,0,20,19,5,5
1760770132,0,0,0,0,0,0,0,0,0,0,29,20,0,0,0,0,9,5
1760770134,0,0,0,0,0,0,0,0,0,0,28,21,0,0,0,0,0,0
1760770136,0,0,0,0,0,0,0,0,0,0,13,19,0,0,0,0,0,0
1760770138,0,0,0,0,0,0,0,0,0,0,0,0,0,0,0,0,0,0
1760770140,0,0,0,0,0,0,0,0,0,0,6,2,0,0,101,84,1,0
1760770142,0,0,0,0,0,0,0,0,0,0,0,0,0,0,0,0,0,0
1760770144,0,0,0,0,0,0,0,0,0,0,0,0,0,0,0,0,0,0
1760770146,0,0,0,0,0,0,0,0,0,0,0,0,0,0,0,0,0,0
1760770148,0,0,0,0,0,0,0,0,0,0,0,0,0,0,0,0,0,0
1760770150,0,0,0,0,0,0,0,0,0,0,4,3,0,0,7,4,0,1
1760770152,0,0,0,0,0,0,0,0,0,0,6,2,0,0,34,30,0,0
1760770154,0,0,0,0,0,0,0,0,0,0,0,0,0,0,38,27,0,0
1760770156,0,0,0,0,0,0,0,0,0,0,0,0,0,0,25,20,0,0
1760770158,0,0,0,0,0,0,0,0,0,0,0,0,0,0,0,0,0,0
1760770160,0,0,0,0,0,0,0,0,0,0,5,2,0,0,4,7,1,0
1760770162,0,0,0,0,0,0,0,0,0,0,4,4,0,0,32,32,0,0
1760770164,0,0,0,0,0,0,0,0,0,0,0,0,0,0,25,40,0,0
1760770166,0,0,0,0,0,0,0,0,0,0,0,0,0,0,27,18,0,0
1760770168,0,0,0,0,0,0,0,0,0,0,0,0,0,0,0,0,0,0
1760770170,0,0,0,0,0,0,0,0,0,0,4,1,0,0,3,7,90,94
1760770172,0,0,0,0,0,0,0,0,0,0,0,0,0,0,0,1,0,0
1760770176,0,0,0,0,0,0,0,0,0,0,0,0,0,0,11,20,8,10
1760770178,0,0,0,0,0,0,0,0,0,0,0,0,0,0,0,0,0,0
1760770180,0,0,0,0,0,0,0,0,0,0,2,3,0,0,3,5,4,3
1760770182,0,0,0,0,0,0,0,0,0,0,0,0,0,0,1,2,21,18
1760770184,0,0,0,0,0,0,0,0,0,0,0,0,0,0,0,0,21,18
1760770186,0,0,0,0,0,0,0,0,0,0,0,0,0,0,0,0,17,23
1760770188,0,0,0,0,0,0,0,0,0,0,0,0,0,0,0,0,16,23
1760770190,0,0,0,0,0,0,0,0,0,0,3,2,0,0,5,3,14,13
1760770192,0,0,0,0,0,0,0,0,0,0,0,0,0,0,0,3,20,19
1760770194,0,0,0,0,0,0,0,0,0,0,0,0,0,0,0,0,25,14
1760770196,0,0,0,0,0,0,0,0,0,0,0,0,0,0,0,0,14,26
1760770198,0,0,0,0,0,0,0,0,0,0,0,0,0,0,0,0,17,22
1760770200,0,0,0,0,0,0,0,0,0,0,70,77,0,0,4,4,13,13
1760770202,0,0,0,0,0,0,0,0,0,0,0,0,0,0,22,17,0,0
1760770204,0,0,0,0,0,0,0,0,0,0,0,0,0,0,0,0,0,0
1760770206,0,0,0,0,0,0,0,0,0,0,0,0,0,0,0,0,0,0
1760770208,0,0,0,0,0,0,0,0,0,0,5,2,0,0,0,0,0,0
1760770210,0,0,0,0,0,0,0,0,0,0,5,4,0,0,25,22,1,5
1760770212,0,0,0,0,0,0,0,0,0,0,27,21,0,0,0,0,0,0
1760770214,0,0,0,0,0,0,0,0,0,0,26,23,0,0,0,0,0,0
1760770216,0,0,0,0,0,0,0,0,0,0,20,21,0,0,0,0,0,0
1760770218,0,0,0,0,0,0,0,0,0,0,0,0,0,0,0,0,0,0
1760770220,0,0,0,0,0,0,0,0,0,0,2,6,0,0,26,21,3,3
1760770222,0,0,0,0,0,0,0,0,0,0,25,24,0,0,0,0,0,0
1760770224,0,0,0,0,0,0,0,0,0,0,30,18,0,0,0,0,0,0
1760770226,0,0,0,0,0,0,0,0,0,0,23,19,0,0,0,0,0,0
1760770228,0,0,0,0,0,0,0,0,0,0,0,0,0,0,0,0,0,0
1760770230,0,0,0,0,0,0,0,0,0,0,2,0,0,0,113,84,0,1
1760770232,0,0,0,0,0,0,0,0,0,0,0,0,0,0,0,0,0,0
1760770234,0,0,0,0,0,0,0,0,0,0,0,0,0,0,0,0,0,0
1760770236,0,0,0,0,0,0,0,0,0,0,0,0,0,0,0,0,0,0
1760770238,0,0,0,0,0,0,0,0,0,0,0,0,0,0,0,0,0,0
1760770240,0,0,0,0,0,0,0,0,0,0,1,1,0,0,97,100,1,0
1760770242,0,0,0,0,0,0,0,0,0,0,0,0,0,0,0,0,0,0
1760770244,0,0,0,0,0,0,0,0,0,0,0,0,0,0,0,0,0,0
1760770246,0,0,0,0,0,0,0,0,0,0,0,0,0,0,0,0,0,0
1760770248,0,0,0,0,0,0,0,0,0,0,0,0,0,0,0,0,0,0
1760770250,0,0,0,0,0,0,0,0,0,0,0,2,0,0,6,5,1,0
1760770252,0,0,0,0,0,0,0,0,0,0,0,0,0,0,29,35,0,0
1760770254,0,0,0,0,0,0,0,0,0,0,0,0,0,0,27,38,0,0
1760770256,0,0,0,0,0,0,0,0,0,0,0,0,0,0,28,29,0,0
1760770258,0,0,0,0,0,0,0,0,0,0,0,0,0,0,0,0,0,0
1760770262,0,0,0,0,0,0,0,0,0,0,32,30,0,0,0,0,0,0
1760770264,0,0,0,0,0,0,0,0,0,0,0,0,0,0,0,0,0,0
1760770266,0,0,0,0,0,0,0,0,0,0,0,0,0,0,0,0,0,0
1760770268,0,0,0,0,0,0,0,0,0,0,0,0,0,0,0,0,0,0
1760770270,0,0,0,0,0,0,0,0,0,0,44,25,0,0,2,2,3,3
1760770272,0,0,0,0,0,0,0,0,0,0,0,0,0,0,0,0,20,19
1760770274,0,0,0,0,0,0,0,0,0,0,0,0,0,0,0,0,17,23
1760770276,0,0,0,0,0,0,0,0,0,0,0,0,0,0,0,0,23,16
1760770278,0,0,0,0,0,0,0,0,0,0,0,0,0,0,0,0,1,2
1760770280,0,0,0,0,0,0,0,0,0,0,36,33,0,0,1,3,4,2
1760770282,0,0,0,0,0,0,0,0,0,0,0,0,0,0,0,0,20,19
1760770284,0,0,0,0,0,0,0,0,0,0,0,0,0,0,0,0,18,22
1760770286,0,0,0,0,0,0,0,0,0,0,0,0,0,0,0,0,19,20
1760770288,0,0,0,0,0,0,0,0,0,0,0,0,0,0,0,0,0,3
1760770290,0,0,0,0,0,0,0,0,0,0,71,60,0,0,1,4,5,1
1760770292,0,0,0,0,0,0,0,0,0,0,26,31,0,0,0,0,0,1
1760770294,0,0,0,0,0,0,0,0,0,0,0,0,0,0,0,0,0,0
1760770296,0,0,0,0,0,0,0,0,0,0,0,0,0,0,0,0,0,0
1760770298,0,0,0,0,0,0,0,0,0,0,0,0,0,0,0,0,0,0
1760770300,0,0,0,0,0,0,0,0,0,0,5,4,0,0,4,1,3,4
1760770302,0,0,0,0,0,0,0,0,0,0,28,20,0,0,0,0,0,0
1760770304,0,0,0,0,0,0,0,0,0,0,28,21,0,0,0,0,0,0
1760770306,0,0,0,0,0,0,0,0,0,0,24,25,0,0,0,0,0,0
1760770308,0,0,0,0,0,0,0,0,0,0,13,20,0,0,0,0,0,0
1760770310,0,0,0,0,0,0,0,0,0,0,4,5,0,0,2,3,4,3
1760770312,0,0,0,0,0,0,0,0,0,0,26,21,0,0,0,0,0,0
1760770314,0,0,0,0,0,0,0,0,0,0,26,23,0,0,0,0,0,0
1760770316,0,0,0,0,0,0,0,0,0,0,25,23,0,0,0,0,0,0
1760770318,0,0,0,0,0,0,0,0,0,0,20,15,0,0,0,0,0,0
1760770320,0,0,0,0,0,0,0,0,0,0,2,2,0,0,93,92,5,6
1760770322,0,0,0,0,0,0,0,0,0,0,0,0,0,0,0,0,0,0
1760770324,0,0,0,0,0,0,0,0,0,0,0,0,0,0,0,0,0,0
1760770326,0,0,0,0,0,0,0,0,0,0,0,0,0,0,0,0,0,0
1760770328,0,0,0,0,0,0,0,0,0,0,0,2,0,0,0,0,0,0
1760770330,0,0,0,0,0,0,0,0,0,0,3,1,0,0,4,5,4,7
1760770332,0,0,0,0,0,0,0,0,0,0,0,0,0,0,30,34,0,0
1760770334,0,0,0,0,0,0,0,0,0,0,0,0,0,0,36,28,0,0
1760770336,0,0,0,0,0,0,0,0,0,0,0,0,0,0,24,24,0,0
1760770338,0,0,0,0,0,0,0,0,0,0,0,0,0,0,0,0,0,0
1760770340,0,0,0,0,0,0,0,0,0,0,1,3,0,0,7,4,5,6
1760770342,0,0,0,0,0,0,0,0,0,0,0,0,0,0,35,29,0,0
1760770344,0,0,0,0,0,0,0,0,0,0,0,0,0,0,30,35,0,0
1760770346,0,0,0,0,0,0,0,0,0,0,0,0,0,0,23,22,0,0
1760770348,0,0,0,0,0,0,0,0,0,0,0,0,0,0,0,0,0,0
1760770350,0,0,0,0,0,0,0,0,0,0,1,0,0,0,7,3,74,89
1760770352,0,0,0,0,0,0,0,0,0,0,0,0,0,0,10,16,0,0
1760770354,0,0,0,0,0,0,0,0,0,0,0,0,0,0,0,0,0,0
1760770356,0,0,0,0,0,0,0,0,0,0,0,0,0,0,0,0,0,0
1760770358,0,0,0,0,0,0,0,0,0,0,0,0,0,0,0,0,0,0
1760770360,0,0,0,0,0,0,0,0,0,0,1,0,0,0,4,6,88,75
1760770362,0,0,0,0,0,0,0,0,0,0,0,0,0,0,14,12,0,0
1760770364,0,0,0,0,0,0,0,0,0,0,0,0,0,0,0,0,0,0
1760770366,0,0,0,0,0,0,0,0,0,0,0,0,0,0,0,0,0,0
1760770368,0,0,0,0,0,0,0,0,0,0,0,0,0,0,0,0,0,0
1760770370,0,0,0,0,0,0,0,0,0,0,0,1,0,0,4,6,79,84
1760770372,0,0,0,0,0,0,0,0,0,0,0,0,0,0,13,13,0,0
1760770374,0,0,0,0,0,0,0,0,0,0,0,0,0,0,0,0,0,0
1760770376,0,0,0,0,0,0,0,0,0,0,0,0,0,0,0,0,0,0
1760770378,0,0,0,0,0,0,0,0,0,0,0,0,0,0,0,0,0,0
1760770380,0,0,0,0,0,0,0,0,0,0,76,74,0,0,3,5,3,3
1760770382,0,0,0,0,0,0,0,0,0,0,0,0,0,0,10,10,8,8
1760770384,0,0,0,0,0,0,0,0,0,0,0,0,0,0,0,0,0,0
1760770386,0,0,0,0,0,0,0,0,0,0,0,0,0,0,0,0,0,0
1760770388,0,0,0,0,0,0,0,0,0,0,0,0,0,0,0,0,0,0
1760770390,0,0,0,0,0,0,0,0,0,0,73,77,0,0,4,4,4,2
1760770392,0,0,0,0,0,0,0,0,0,0,0,0,0,0,9,11,8,8
1760770394,0,0,0,0,0,0,0,0,0,0,0,0,0,0,0,0,0,0
1760770396,0,0,0,0,0,0,0,0,0,0,0,0,0,0,0,0,0,0
1760770398,0,0,0,0,0,0,0,0,0,0,0,0,0,0,0,0,0,0
1760770400,0,0,0,0,0,0,0,0,0,0,4,4,0,0,11,17,5,6
1760770402,0,0,0,0,0,0,0,0,0,0,23,26,0,0,0,0,8,3
1760770404,0,0,0,0,0,0,0,0,0,0,17,32,0,0,0,0,0,0
1760770406,0,0,0,0,0,0,0,0,0,0,24,20,0,0,0,0,0,0
1760770408,0,0,0,0,0,0,0,0,0,0,0,0,0,0,0,0,0,0
1760770410,0,0,0,0,0,0,0,0,0,0,4,1,0,0,91,95,4,4
1760770412,0,0,0,0,0,0,0,0,0,0,0,0,0,0,0,0,0,0
1760770414,0,0,0,0,0,0,0,0,0,0,0,0,0,0,0,0,0,0
1760770416,0,0,0,0,0,0,0,0,0,0,0,0,0,0,0,0,0,0
1760770418,0,0,0,0,0,0,0,0,0,0,0,0,0,0,0,0,0,0
1760770422,0,0,0,0,0,0,0,0,0,0,0,0,0,0,0,0,0,0
1760770424,0,0,0,0,0,0,0,0,0,0,0,0,0,0,0,0,0,0
1760770426,0,0,0,0,0,0,0,0,0,0,0,0,0,0,0,0,0,0
1760770428,0,0,0,0,0,0,0,0,0,0,0,0,0,0,0,0,0,0
1760770430,0,0,0,0,0,0,0,0,0,0,4,1,0,0,5,6,3,5
1760770432,0,0,0,0,0,0,0,0,0,0,0,0,0,0,35,29,0,0
1760770434,0,0,0,0,0,0,0,0,0,0,0,0,0,0,31,34,0,0
1760770436,0,0,0,0,0,0,0,0,0,0,0,0,0,0,20,26,0,0
1760770438,0,0,0,0,0,0,0,0,0,0,0,0,0,0,0,0,0,0
1760770440,0,0,0,0,0,0,0,0,0,0,1,4,0,0,3,3,96,93
1760770442,0,0,0,0,0,0,0,0,0,0,0,0,0,0,0,0,0,0
1760770444,0,0,0,0,0,0,0,0,0,0,0,0,0,0,0,0,0,0
1760770446,0,0,0,0,0,0,0,0,0,0,0,0,0,0,0,0,0,0
1760770448,0,0,0,0,0,0,0,0,0,0,0,0,0,0,0,0,0,0
1760770450,0,0,0,0,0,0,0,0,0,0,4,1,0,0,2,4,91,98
1760770452,0,0,0,0,0,0,0,0,0,0,0,0,0,0,0,0,0,0
1760770456,0,0,0,0,0,0,0,0,0,0,0,0,0,0,0,0,0,0
1760770458,0,0,0,0,0,0,0,0,0,0,0,0,0,0,0,0,0,0
1760770460,0,0,0,0,0,0,0,0,0,0,1,4,0,0,4,2,3,4
1760770462,0,0,0,0,0,0,0,0,0,0,0,0,0,0,0,0,24,15
1760770464,0,0,0,0,0,0,0,0,0,0,0,0,0,0,0,0,17,22
1760770466,0,0,0,0,0,0,0,0,0,0,0,0,0,0,0,0,21,19
1760770468,0,0,0,0,0,0,0,0,0,0,0,0,0,0,0,0,19,20
1760770470,0,0,0,0,0,0,0,0,0,0,91,85,0,0,6,2,14,12
1760770472,0,0,0,0,0,0,0,0,0,0,0,0,0,0,9,6,0,0
1760770474,0,0,0,0,0,0,0,0,0,0,0,0,0,0,0,0,0,0
1760770476,0,0,0,0,0,0,0,0,0,0,0,0,0,0,0,0,0,0
1760770478,0,0,0,0,0,0,0,0,0,0,0,0,0,0,0,0,0,0
1760770480,0,0,0,0,0,0,0,0,0,0,86,69,0,0,5,2,0,1
1760770482,0,0,0,0,0,0,0,0,0,0,10,11,0,0,7,9,0,0
1760770484,0,0,0,0,0,0,0,0,0,0,0,0,0,0,0,0,0,0
1760770486,0,0,0,0,0,0,0,0,0,0,0,0,0,0,0,0,0,0
1760770488,0,0,0,0,0,0,0,0,0,0,0,0,0,0,0,0,0,0
1760770490,0,0,0,0,0,0,0,0,0,0,6,3,0,0,11,12,0,1
1760770492,0,0,0,0,0,0,0,0,0,0,24,24,0,0,0,0,0,0
1760770494,0,0,0,0,0,0,0,0,0,0,24,25,0,0,0,0,0,0
1760770496,0,0,0,0,0,0,0,0,0,0,28,21,0,0,0,0,0,0
1760770498,0,0,0,0,0,0,0,0,0,0,12,9,0,0,0,0,0,0
1760770500,0,0,0,0,0,0,0,0,0,0,7,1,0,0,66,72,4,6
1760770502,0,0,0,0,0,0,0,0,0,0,26,16,0,0,0,0,1,1
1760770504,0,0,0,0,0,0,0,0,0,0,0,0,0,0,0,0,0,0
1760770506,0,0,0,0,0,0,0,0,0,0,0,0,0,0,0,0,0,0
1760770508,0,0,0,0,0,0,0,0,0,0,0,0,0,0,0,0,0,0
1760770510,0,0,0,0,0,0,0,0,0,0,4,4,0,0,71,67,9,2
1760770512,0,0,0,0,0,0,0,0,0,0,15,27,0,0,0,0,1,0
1760770514,0,0,0,0,0,0,0,0,0,0,0,0,0,0,0,0,0,0
1760770516,0,0,0,0,0,0,0,0,0,0,0,0,0,0,0,0,0,0
1760770518,0,0,0,0,0,0,0,0,0,0,0,0,0,0,0,0,0,0
1760770520,0,0,0,0,0,0,0,0,0,0,1,7,0,0,77,61,4,7
1760770522,0,0,0,0,0,0,0,0,0,0,4,9,0,0,0,0,0,0
1760770524,0,0,0,0,0,0,0,0,0,0,0,0,0,0,0,0,0,0
1760770526,0,0,0,0,0,0,0,0,0,0,0,0,0,0,0,0,0,0
1760770528,0,0,0,0,0,0,0,0,0,0,0,0,0,0,0,0,0,0
1760770530,0,0,0,0,0,0,0,0,0,0,3,4,0,0,4,5,64,62
1760770532,0,0,0,0,0,0,0,0,0,0,23,16,0,0,0,0,0,0
1760770534,0,0,0,0,0,0,0,0,0,0,11,7,0,0,0,0,0,0
1760770536,0,0,0,0,0,0,0,0,0,0,0,0,0,0,0,0,0,0
1760770538,0,0,0,0,0,0,0,0,0,0,0,0,0,0,0,0,0,0
1760770540,0,0,0,0,0,0,0,0,0,0,13,21,0,0,0,0,0,1
1760770542,0,0,0,0,0,0,0,0,0,0,23,25,0,0,0,0,0,0
1760770544,0,0,0,0,0,0,0,0,0,0,5,6,0,0,0,0,0,0
1760770546,0,0,0,0,0,0,0,0,0,0,0,0,0,0,0,0,0,0
1760770548,0,0,0,0,0,0,0,0,0,0,0,0,0,0,1,4,0,0
1760770550,0,0,0,0,0,0,0,0,0,0,6,2,0,0,4,5,5,6
1760770552,0,0,0,0,0,0,0,0,0,0,28,21,0,0,0,0,27,37
1760770554,0,0,0,0,0,0,0,0,0,0,4,3,0,0,0,0,26,25
1760770556,0,0,0,0,0,0,0,0,0,0,0,0,0,0,0,0,0,0
1760770558,0,0,0,0,0,0,0,0,0,0,0,0,0,0,0,0,0,0
1760770560,0,0,0,0,0,0,0,0,0,0,64,64,0,0,3,5,3,3
1760770564,0,0,0,0,0,0,0,0,0,0,0,0,0,0,2,3,0,0
1760770566,0,0,0,0,0,0,0,0,0,0,0,0,0,0,0,0,0,0
1760770568,0,0,0,0,0,0,0,0,0,0,0,0,0,0,0,0,0,0
1760770570,0,0,0,0,0,0,0,0,0,0,3,5,0,0,36,25,7,4
1760770572,0,0,0,0,0,0,0,0,0,0,22,27,0,0,0,0,0,0
1760770574,0,0,0,0,0,0,0,0,0,0,31,17,0,0,0,0,0,0
1760770576,0,0,0,0,0,0,0,0,0,0,12,11,0,0,0,0,0,0
1760770578,0,0,0,0,0,0,0,0,0,0,0,0,0,0,0,0,0,0
1760770580,0,0,0,0,0,0,0,0,0,0,3,5,0,0,26,35,6,5
1760770582,0,0,0,0,0,0,0,0,0,0,19,30,0,0,0,0,0,0
1760770584,0,0,0,0,0,0,0,0,0,0,25,24,0,0,0,0,0,0
1760770586,0,0,0,0,0,0,0,0,0,0,10,12,0,0,0,0,0,0
1760770588,0,0,0,0,0,0,0,0,0,0,0,0,0,0,0,0,0,0
1760770590,0,0,0,0,0,0,0,0,0,0,4,4,0,0,83,88,6,5
1760770592,0,0,0,0,0,0,0,0,0,0,6,5,0,0,0,0,0,0
1760770594,0,0,0,0,0,0,0,0,0,0,0,0,0,0,0,0,0,0
1760770596,0,0,0,0,0,0,0,0,0,0,0,0,0,0,0,0,0,0
1760770598,0,0,0,0,0,0,0,0,0,0,0,0,0,0,0,0,0,0
1760770600,0,0,0,0,0,0,0,0,0,0,5,3,0,0,89,82,6,5
1760770602,0,0,0,0,0,0,0,0,0,0,8,3,0,0,0,0,0,0
1760770604,0,0,0,0,0,0,0,0,0,0,0,0,0,0,0,0,0,0
1760770606,0,0,0,0,0,0,0,0,0,0,0,0,0,0,0,0,0,0
1760770608,0,0,0,0,0,0,0,0,0,0,0,0,0,0,0,0,0,0
1760770610,0,0,0,0,0,0,0,0,0,0,3,5,0,0,79,92,6,5
1760770612,0,0,0,0,0,0,0,0,0,0,1,2,0,0,4,0,72,54
1760770614,0,0,0,0,0,0,0,0,0,0,0,0,0,0,0,0,0,0
1760770616,0,0,0,0,0,0,0,0,0,0,0,0,0,0,0,0,0,0
1760770618,0,0,0,0,0,0,0,0,0,0,0,0,0,0,0,0,0,0
1760770620,0,0,0,0,0,0,0,0,0,0,3,3,0,0,6,2,82,68
1760770622,0,0,0,0,0,0,0,0,0,0,14,22,0,0,0,0,0,0
1760770624,0,0,0,0,0,0,0,0,0,0,0,0,0,0,0,0,0,0
1760770626,0,0,0,0,0,0,0,0,0,0,0,0,0,0,0,0,0,0
1760770628,0,0,0,0,0,0,0,0,0,0,0,0,0,0,0,0,0,0
1760770630,0,0,0,0,0,0,0,0,0,0,22,20,0,0,22,35,6,2
1760770632,0,0,0,0,0,0,0,0,0,0,0,0,0,0,0,0,23,16
1760770634,0,0,0,0,0,0,0,0,0,0,0,0,0,0,0,0,22,17
1760770636,0,0,0,0,0,0,0,0,0,0,0,0,0,0,0,0,21,18
1760770638,0,0,0,0,0,0,0,0,0,0,0,0,0,0,0,0,16,14
1760770640,0,0,0,0,0,0,0,0,0,0,23,19,0,0,5,3,2,4
1760770642,0,0,0,0,0,0,0,0,0,0,0,0,0,0,0,0,24,16
1760770644,0,0,0,0,0,0,0,0,0,0,0,0,0,0,0,0,19,20
1760770646,0,0,0,0,0,0,0,0,0,0,0,0,0,0,0,0,18,21
1760770648,0,0,0,0,0,0,0,0,0,0,0,0,0,0,0,0,13,13
1760770650,0,0,0,0,0,0,0,0,0,0,61,80,0,0,4,4,3,3
1760770652,0,0,0,0,0,0,0,0,0,0,0,0,0,0,5,8,19,12
1760770654,0,0,0,0,0,0,0,0,0,0,0,0,0,0,0,0,0,0
1760770656,0,0,0,0,0,0,0,0,0,0,0,0,0,0,0,0,0,0
1760770658,0,0,0,0,0,0,0,0,0,0,0,0,0,0,0,0,0,0
1760770660,0,0,0,0,0,0,0,0,0,0,77,64,0,0,5,3,3,3
1760770662,0,0,0,0,0,0,0,0,0,0,0,0,0,0,5,8,15,16
1760770664,0,0,0,0,0,0,0,0,0,0,6,5,0,0,0,0,0,0
1760770666,0,0,0,0,0,0,0,0,0,0,0,0,0,0,0,0,0,0
1760770668,0,0,0,0,0,0,0,0,0,0,0,0,0,0,0,0,0,0
1760770670,0,0,0,0,0,0,0,0,0,0,5,3,0,0,10,11,3,8
1760770672,0,0,0,0,0,0,0,0,0,0,27,21,0,0,0,0,13,13
1760770674,0,0,0,0,0,0,0,0,0,0,27,21,0,0,0,0,0,0
1760770676,0,0,0,0,0,0,0,0,0,0,13,24,0,0,0,0,0,0
1760770678,0,0,0,0,0,0,0,0,0,0,0,0,0,0,0,0,0,0
1760770680,0,0,0,0,0,0,0,0,0,0,3,5,0,0,77,95,5,6
1760770682,0,0,0,0,0,0,0,0,0,0,2,1,0,0,0,0,2,4
1760770684,0,0,0,0,0,0,0,0,0,0,0,0,0,0,0,0,0,0
1760770686,0,0,0,0,0,0,0,0,0,0,0,0,0,0,0,0,0,0
1760770688,0,0,0,0,0,0,0,0,0,0,0,0,0,0,0,0,0,0
1760770690,0,0,0,0,0,0,0,0,0,0,4,4,0,0,78,94,6,5
1760770692,0,0,0,0,0,0,0,0,0,0,1,2,0,0,0,0,2,4
1760770694,0,0,0,0,0,0,0,0,0,0,0,0,0,0,0,0,0,0
1760770696,0,0,0,0,0,0,0,0,0,0,0,0,0,0,0,0,0,0
1760770698,0,0,0,0,0,0,0,0,0,0,0,0,0,0,0,0,0,0
1760770700,0,0,0,0,0,0,0,0,0,0,2,4,0,0,8,3,10,7
1760770702,0,0,0,0,0,0,0,0,0,0,3,2,0,0,32,32,0,0
1760770704,0,0,0,0,0,0,0,0,0,0,0,0,0,0,29,36,0,0
1760770706,0,0,0,0,0,0,0,0,0,0,0,0,0,0,14,18,0,0
1760770708,0,0,0,0,0,0,0,0,0,0,0,0,0,0,0,0,0,0
1760770710,0,0,0,0,0,0,0,0,0,0,2,4,0,0,7,4,61,73
1760770712,0,0,0,0,0,0,0,0,0,0,14,17,0,0,8,10,0,0
1760770714,0,0,0,0,0,0,0,0,0,0,0,0,0,0,0,0,0,0
1760770716,0,0,0,0,0,0,0,0,0,0,0,0,0,0,0,0,0,0
1760770718,0,0,0,0,0,0,0,0,0,0,0,0,0,0,0,0,0,0
1760770720,0,0,0,0,0,0,0,0,0,0,1,6,0,0,7,4,71,63
1760770722,0,0,0,0,0,0,0,0,0,0,20,10,0,0,12,6,0,0
1760770724,0,0,0,0,0,0,0,0,0,0,0,0,0,0,0,0,0,0
1760770726,0,0,0,0,0,0,0,0,0,0,0,0,0,0,0,0,0,0
1760770728,0,0,0,0,0,0,0,0,0,0,0,0,0,0,0,0,0,0
1760770730,0,0,0,0,0,0,0,0,0,0,4,2,0,0,5,5,65,69
1760770732,0,0,0,0,0,0,0,0,0,0,14,11,0,0,0,0,0,0
1760770734,0,0,0,0,0,0,0,0,0,0,0,0,0,0,0,0,0,0
1760770736,0,0,0,0,0,0,0,0,0,0,0,0,0,0,0,0,0,0
1760770738,0,0,0,0,0,0,0,0,0,0,0,0,0,0,4,4,0,0
1760770740,0,0,0,0,0,0,0,0,0,0,56,77,0,0,2,6,4,2
1760770742,0,0,0,0,0,0,0,0,0,0,0,0,0,0,14,30,6,3
1760770744,0,0,0,0,0,0,0,0,0,0,0,0,0,0,0,0,0,0
1760770746,0,0,0,0,0,0,0,0,0,0,0,0,0,0,0,0,0,0
1760770748,0,0,0,0,0,0,0,0,0,0,0,0,0,0,0,0,0,0
1760770750,0,0,0,0,0,0,0,0,0,0,3,5,0,0,26,26,5,6
1760770752,0,0,0,0,0,0,0,0,0,0,28,21,0,0,0,0,2,2
1760770754,0,0,0,0,0,0,0,0,0,0,27,21,0,0,0,0,0,0
1760770756,0,0,0,0,0,0,0,0,0,0,10,18,0,0,0,0,0,0
1760770758,0,0,0,0,0,0,0,0,0,0,0,0,0,0,0,0,0,0
1760770760,0,0,0,0,0,0,0,0,0,0,4,4,0,0,24,28,3,8
1760770762,0,0,0,0,0,0,0,0,0,0,28,21,0,0,0,0,3,1
1760770764,0,0,0,0,0,0,0,0,0,0,25,23,0,0,0,0,0,0
1760770766,0,0,0,0,0,0,0,0,0,0,14,14,0,0,0,0,0,0
1760770768,0,0,0,0,0,0,0,0,0,0,0,0,0,0,0,0,0,0
1760770770,0,0,0,0,0,0,0,0,0,0,0,1,0,0,101,98,1,0
1760770772,0,0,0,0,0,0,0,0,0,0,0,0,0,0,0,0,0,0
1760770774,0,0,0,0,0,0,0,0,0,0,0,0,0,0,0,0,0,0
1760770776,0,0,0,0,0,0,0,0,0,0,0,0,0,0,0,0,0,0
1760770778,0,0,0,0,0,0,0,0,0,0,0,0,0,0,0,0,0,0
1760770780,0,0,0,0,0,0,0,0,0,0,1,0,0,0,101,98,1,0
1760770782,0,0,0,0,0,0,0,0,0,0,0,0,0,0,0,0,0,0
1760770784,0,0,0,0,0,0,0,0,0,0,2,5,0,0,4,7,0,0
1760770786,0,0,0,0,0,0,0,0,0,0,0,0,0,0,0,0,0,0
1760770788,0,0,0,0,0,0,0,0,0,0,0,0,0,0,0,0,0,0
1760770790,0,0,0,0,0,0,0,0,0,0,1,0,0,0,5,6,0,1
1760770792,0,0,0,0,0,0,0,0,0,0,0,0,0,0,30,34,0,0
1760770794,0,0,0,0,0,0,0,0,0,0,0,0,0,0,29,36,0,0
1760770796,0,0,0,0,0,0,0,0,0,0,0,0,0,0,28,31,0,0
1760770798,0,0,0,0,0,0,0,0,0,0,0,0,0,0,0,0,0,0
1760770800,0,0,0,0,0,0,0,0,0,0,4,2,0,0,7,4,86,79
1760770802,0,0,0,0,0,0,0,0,0,0,3,2,0,0,5,8,0,0
1760770804,0,0,0,0,0,0,0,0,0,0,0,0,0,0,0,0,0,0
1760770806,0,0,0,0,0,0,0,0,0,0,0,0,0,0,0,0,0,0
1760770808,0,0,0,0,0,0,0,0,0,0,0,0,0,0,0,0,0,0
1760770810,0,0,0,0,0,0,0,0,0,0,4,2,0,0,5,5,80,85
1760770812,0,0,0,0,0,0,0,0,0,0,4,1,0,0,7,7,0,0
1760770814,0,0,0,0,0,0,0,0,0,0,0,0,0,0,0,0,0,0
1760770818,0,0,0,0,0,0,0,0,0,0,0,0,0,0,0,0,0,0
1760770820,0,0,0,0,0,0,0,0,0,0,7,4,0,0,6,2,2,4
1760770822,0,0,0,0,0,0,0,0,0,0,0,0,0,0,10,6,20,20
1760770824,0,0,0,0,0,0,0,0,0,0,0,0,0,0,0,0,24,15
1760770826,0,0,0,0,0,0,0,0,0,0,0,0,0,0,0,0,20,19
1760770828,0,0,0,0,0,0,0,0,0,0,0,0,0,0,0,0,21,18
1760770830,0,0,0,0,0,0,0,0,0,0,90,97,0,0,2,1,1,7
1760770832,0,0,0,0,0,0,0,0,0,0,0,0,0,0,0,0,1,3
1760770834,0,0,0,0,0,0,0,0,0,0,0,0,0,0,0,0,0,0
1760770836,0,0,0,0,0,0,0,0,0,0,0,0,0,0,0,0,0,0
1760770838,0,0,0,0,0,0,0,0,0,0,0,0,0,0,0,0,0,0
1760770840,0,0,0,0,0,0,0,0,0,0,92,95,0,0,1,2,3,3
1760770842,0,0,0,0,0,0,0,0,0,0,0,0,0,0,0,0,3,1
1760770844,0,0,0,0,0,0,0,0,0,0,0,0,0,0,0,0,0,0
1760770846,0,0,0,0,0,0,0,0,0,0,0,0,0,0,0,0,0,0
1760770848,0,0,0,0,0,0,0,0,0,0,0,0,0,0,0,0,0,0
1760770850,0,0,0,0,0,0,0,0,0,0,0,0,0,0,0,0,0,0
1760770852,0,0,0,0,0,0,0,0,0,0,0,0,0,0,0,0,0,0
1760770854,0,0,0,0,0,0,0,0,0,0,0,0,0,0,0,0,0,0
1760770856,0,0,0,0,0,0,0,0,0,0,0,0,0,0,0,0,0,0
1760770858,0,0,0,0,0,0,0,0,0,0,0,0,0,0,0,0,6,2
1760770860,0,0,0,0,0,0,0,0,0,0,4,4,0,0,83,55,0,1
1760770862,0,0,0,0,0,0,0,0,0,0,31,17,0,0,0,0,0,0
1760770864,0,0,0,0,0,0,0,0,0,0,2,2,0,0,0,0,0,0
1760770866,0,0,0,0,0,0,0,0,0,0,0,0,0,0,0,0,0,0
1760770868,0,0,0,0,0,0,0,0,0,0,0,0,0,0,0,0,0,0
1760770870,0,0,0,0,0,0,0,0,0,0,5,3,0,0,70,68,0,1
1760770872,0,0,0,0,0,0,0,0,0,0,27,22,0,0,0,0,0,0
1760770874,0,0,0,0,0,0,0,0,0,0,2,1,0,0,0,0,0,0
1760770876,0,0,0,0,0,0,0,0,0,0,0,0,0,0,0,0,0,0
1760770878,0,0,0,0,0,0,0,0,0,0,0,0,0,0,0,0,0,0
1760770880,0,0,0,0,0,0,0,0,0,0,4,4,0,0,73,65,0,1
1760770882,0,0,0,0,0,0,0,0,0,0,27,22,0,0,0,0,0,0
1760770884,0,0,0,0,0,0,0,0,0,0,0,0,0,0,0,0,0,0
1760770886,0,0,0,0,0,0,0,0,0,0,0,0,0,0,0,0,0,0
1760770888,0,0,0,0,0,0,0,0,0,0,0,0,0,0,0,0,0,0
1760770890,0,0,0,0,0,0,0,0,0,0,1,5,0,0,8,3,62,83
1760770892,0,0,0,0,0,0,0,0,0,0,13,25,0,0,0,0,0,0
1760770894,0,0,0,0,0,0,0,0,0,0,0,0,0,0,0,0,0,0
1760770896,0,0,0,0,0,0,0,0,0,0,0,0,0,0,0,0,0,0
1760770898,0,0,0,0,0,0,0,0,0,0,0,0,0,0,0,0,0,0
1760770900,0,0,0,0,0,0,0,0,0,0,4,2,0,0,6,5,74,71
1760770904,0,0,0,0,0,0,0,0,0,0,90,97,0,0,2,1,2,0
1760770906,0,0,0,0,0,0,0,0,0,0,0,0,0,0,0,0,0,0
1760770908,0,0,0,0,0,0,0,0,0,0,0,0,0,0,0,0,0,0
1760770910,0,0,0,0,0,0,0,0,0,0,16,28,0,0,3,5,2,4
1760770912,0,0,0,0,0,0,0,0,0,0,0,0,0,0,1,2,22,17
1760770914,0,0,0,0,0,0,0,0,0,0,0,0,0,0,0,0,24,16
1760770916,0,0,0,0,0,0,0,0,0,0,0,0,0,0,0,0,22,17
1760770918,0,0,0,0,0,0,0,0,0,0,0,0,0,0,0,0,12,9
1760770920,0,0,0,0,0,0,0,0,0,0,76,61,0,0,3,5,3,3
1760770922,0,0,0,0,0,0,0,0,0,0,1,2,0,0,0,0,0,0
1760770926,0,0,0,0,0,0,0,0,0,0,0,0,0,0,9,6,9,3
1760770928,0,0,0,0,0,0,0,0,0,0,0,0,0,0,1,1,11,3
1760770930,0,0,0,0,0,0,0,0,0,0,5,3,0,0,9,16,6,11
1760770932,0,0,0,0,0,0,0,0,0,0,23,26,0,0,0,0,11,16
1760770934,0,0,0,0,0,0,0,0,0,0,24,25,0,0,0,0,0,0
1760770936,0,0,0,0,0,0,0,0,0,0,9,22,0,0,0,0,0,0
1760770938,0,0,0,0,0,0,0,0,0,0,0,0,0,0,0,0,0,0
1760770940,0,0,0,0,0,0,0,0,0,0,6,2,0,0,15,10,6,5
1760770942,0,0,0,0,0,0,0,0,0,0,23,26,0,0,0,0,15,12
1760770944,0,0,0,0,0,0,0,0,0,0,24,25,0,0,0,0,0,0
1760770946,0,0,0,0,0,0,0,0,0,0,14,17,0,0,0,0,0,0
1760770948,0,0,0,0,0,0,0,0,0,0,0,0,0,0,0,0,0,0
1760770950,0,0,0,0,0,0,0,0,0,0,2,5,0,0,84,106,1,2
1760770952,0,0,0,0,0,0,0,0,0,0,0,0,0,0,0,0,0,0
1760770954,0,0,0,0,0,0,0,0,0,0,0,0,0,0,0,0,0,0
1760770956,0,0,0,0,0,0,0,0,0,0,0,0,0,0,0,0,0,0
1760770958,0,0,0,0,0,0,0,0,0,0,0,0,0,0,0,0,0,0
1760770960,0,0,0,0,0,0,0,0,0,0,3,4,0,0,85,105,2,1
1760770962,0,0,0,0,0,0,0,0,0,0,0,0,0,0,0,0,0,0
1760770964,0,0,0,0,0,0,0,0,0,0,0,0,0,0,0,0,0,0
1760770966,0,0,0,0,0,0,0,0,0,0,0,0,0,0,0,0,0,0
1760770968,0,0,0,0,0,0,0,0,0,0,0,0,0,0,0,0,0,0
1760770970,0,0,0,0,0,0,0,0,0,0,3,4,0,0,91,99,2,1
1760770972,0,0,0,0,0,0,0,0,0,0,0,0,0,0,0,0,0,0
1760770974,0,0,0,0,0,0,0,0,0,0,0,0,0,0,0,0,0,0
1760770978,0,0,0,0,0,0,0,0,0,0,0,0,0,0,0,0,0,0
1760770980,0,0,0,0,0,0,0,0,0,0,2,4,0,0,7,3,79,93
1760770982,0,0,0,0,0,0,0,0,0,0,4,7,0,0,0,1,0,0
1760770984,0,0,0,0,0,0,0,0,0,0,0,0,0,0,0,0,0,0
1760770986,0,0,0,0,0,0,0,0,0,0,0,0,0,0,0,0,0,0
1760770988,0,0,0,0,0,0,0,0,0,0,0,0,0,0,0,0,0,0
1760770990,0,0,0,0,0,0,0,0,0,0,2,4,0,0,6,4,76,96
1760770992,0,0,0,0,0,0,0,0,0,0,6,5,0,0,0,1,0,0
1760770994,0,0,0,0,0,0,0,0,0,0,0,0,0,0,0,0,0,0
1760770996,0,0,0,0,0,0,0,0,0,0,0,0,0,0,0,0,0,0
1760770998,0,0,0,0,0,0,0,0,0,0,0,0,0,0,0,0,0,0
1760771000,0,0,0,0,0,0,0,0,0,0,10,7,0,0,4,4,4,2
1760771002,0,0,0,0,0,0,0,0,0,0,0,0,0,0,2,1,20,20
1760771004,0,0,0,0,0,0,0,0,0,0,0,0,0,0,0,0,17,22
1760771006,0,0,0,0,0,0,0,0,0,0,0,0,0,0,0,0,18,21
1760771008,0,0,0,0,0,0,0,0,0,0,0,0,0,0,0,0,15,25
1760771010,0,0,0,0,0,0,0,0,0,0,94,99,0,0,3,1,6,5
1760771012,0,0,0,0,0,0,0,0,0,0,0,0,0,0,0,0,0,0
1760771014,0,0,0,0,0,0,0,0,0,0,0,0,0,0,0,0,0,0
1760771016,0,0,0,0,0,0,0,0,0,0,0,0,0,0,0,0,0,0
1760771018,0,0,0,0,0,0,0,0,0,0,0,0,0,0,0,0,0,0
1760771020,0,0,0,0,0,0,0,0,0,0,90,103,0,0,1,3,2,1
1760771022,0,0,0,0,0,0,0,0,0,0,0,0,0,0,0,0,0,0
1760771024,0,0,0,0,0,0,0,0,0,0,0,0,0,0,0,0,0,0
1760771026,0,0,0,0,0,0,0,0,0,0,0,0,0,0,0,0,0,0
1760771028,0,0,0,0,0,0,0,0,0,0,0,0,0,0,0,0,0,0
1760771030,0,0,0,0,0,0,0,0,0,0,4,5,0,0,3,1,2,1
1760771032,0,0,0,0,0,0,0,0,0,0,20,28,0,0,0,0,0,0
1760771034,0,0,0,0,0,0,0,0,0,0,25,24,0,0,0,0,0,0
1760771036,0,0,0,0,0,0,0,0,0,0,25,24,0,0,0,0,0,0
1760771038,0,0,0,0,0,0,0,0,0,0,16,22,0,0,0,0,0,0
1760771040,0,0,0,0,0,0,0,0,0,0,5,3,0,0,79,62,6,4
1760771042,0,0,0,0,0,0,0,0,0,0,24,17,0,0,0,0,0,0
1760771044,0,0,0,0,0,0,0,0,0,0,0,0,0,0,0,0,0,0
1760771046,0,0,0,0,0,0,0,0,0,0,0,0,0,0,0,0,0,0
1760771048,0,0,0,0,0,0,0,0,0,0,0,0,0,0,0,0,0,0
1760771050,0,0,0,0,0,0,0,0,0,0,3,5,0,0,57,84,6,4
1760771052,0,0,0,0,0,0,0,0,0,0,25,16,0,0,0,0,0,0
1760771054,0,0,0,0,0,0,0,0,0,0,0,0,0,0,0,0,0,0
1760771056,0,0,0,0,0,0,0,0,0,0,0,0,0,0,0,0,0,0
1760771058,0,0,0,0,0,0,0,0,0,0,0,0,0,0,0,0,0,0
1760771060,0,0,0,0,0,0,0,0,0,0,0,0,0,0,0,0,0,0
1760771064,0,0,0,0,0,0,0,0,0,0,0,0,0,0,0,0,0,0
1760771066,0,0,0,0,0,0,0,0,0,0,0,0,0,0,0,0,0,0
1760771068,0,0,0,0,0,0,0,0,0,0,0,0,0,0,0,0,0,0
1760771070,0,0,0,0,0,0,0,0,0,0,0,0,0,0,0,0,0,0
1760771072,0,0,0,0,0,0,0,0,0,0,0,0,0,0,0,0,0,0
1760771074,0,0,0,0,0,0,0,0,0,0,0,0,0,0,0,0,0,0
1760771076,0,0,0,0,0,0,0,0,0,0,0,0,0,0,0,0,0,0
1760771078,0,0,0,0,0,0,0,0,0,0,0,0,0,0,0,0,0,0
1760771080,0,0,0,0,0,0,0,0,0,0,0,0,0,0,0,0,0,0
1760771082,0,0,0,0,0,0,0,0,0,0,0,0,0,0,0,0,0,0
1760771084,0,0,0,0,0,0,0,0,0,0,0,0,0,0,0,0,0,0
1760771086,0,0,0,0,0,0,0,0,0,0,0,0,0,0,0,0,0,0
1760771088,0,0,0,0,0,0,0,0,0,0,0,0,0,0,0,0,0,0
1760771090,0,0,0,0,0,0,0,0,0,0,0,0,0,0,0,0,0,0
1760771092,0,0,0,0,0,0,0,0,0,0,0,0,0,0,0,0,0,0
1760771094,0,0,0,0,0,0,0,0,0,0,0,0,0,0,0,0,0,0
1760771096,0,0,0,0,0,0,0,0,0,0,0,0,0,0,0,0,0,0
1760771098,0,0,0,0,0,0,0,0,0,0,0,0,0,0,0,0,0,0
1760771100,0,0,0,0,0,0,0,0,0,0,0,0,0,0,0,0,0,0
1760771102,0,0,0,0,0,0,0,0,0,0,0,0,0,0,0,0,0,0
1760771104,0,0,0,0,0,0,0,0,0,0,0,0,0,0,0,0,0,0
1760771106,0,0,0,0,0,0,0,0,0,0,0,0,0,0,0,0,0,0
1760771108,0,0,0,0,0,0,0,0,0,0,0,0,0,0,0,0,0,0
1760771110,0,0,0,0,0,0,0,0,0,0,0,0,0,0,0,0,0,0
1760771112,0,0,0,0,0,0,0,0,0,0,0,0,0,0,0,0,0,0
1760771114,0,0,0,0,0,0,0,0,0,0,0,0,0,0,0,0,0,0
1760771116,0,0,0,0,0,0,0,0,0,0,0,0,0,0,0,0,0,0
1760771118,0,0,0,0,0,0,0,0,0,0,0,0,0,0,0,0,0,0
1760771120,0,0,0,0,0,0,0,0,0,0,0,0,0,0,0,0,0,0
1760771122,0,0,0,0,0,0,0,0,0,0,0,0,0,0,0,0,0,0
1760771124,0,0,0,0,0,0,0,0,0,0,0,0,0,0,0,0,0,0
1760771126,0,0,0,0,0,0,0,0,0,0,0,0,0,0,0,0,0,0
1760771128,0,0,0,0,0,0,0,0,0,0,0,0,0,0,0,0,0,0
1760771130,0,0,0,0,0,0,0,0,0,0,0,0,0,0,0,0,0,0
1760771132,0,0,0,0,0,0,0,0,0,0,0,0,0,0,0,0,0,0
1760771134,0,0,0,0,0,0,0,0,0,0,0,0,0,0,0,0,0,0
1760771136,0,0,0,0,0,0,0,0,0,0,0,0,0,0,0,0,0,0
1760771138,0,0,0,0,0,0,0,0,0,0,0,0,0,0,0,0,0,0
1760771140,0,0,0,0,0,0,0,0,0,0,0,0,0,0,0,0,0,0
1760771142,0,0,0,0,0,0,0,0,0,0,0,0,0,0,0,0,0,0
1760771144,0,0,0,0,0,0,0,0,0,0,0,0,0,0,0,0,0,0
1760771146,0,0,0,0,0,0,0,0,0,0,0,0,0,0,0,0,0,0
1760771148,0,0,0,0,0,0,0,0,0,0,0,0,0,0,0,0,0,0
1760771150,0,0,0,0,0,0,0,0,0,0,0,0,0,0,0,0,0,0
1760771152,0,0,0,0,0,0,0,0,0,0,0,0,0,0,0,0,0,0
1760771154,0,0,0,0,0,0,0,0,0,0,0,0,0,0,0,0,0,0
1760771156,0,0,0,0,0,0,0,0,0,0,0,0,0,0,0,0,0,0
1760771158,0,0,0,0,0,0,0,0,0,0,0,0,0,0,0,0,0,0
1760771160,0,0,0,0,0,0,0,0,0,0,0,0,0,0,0,0,0,0
1760771162,0,0,0,0,0,0,0,0,0,0,0,0,0,0,0,0,0,0
1760771164,0,0,0,0,0,0,0,0,0,0,0,0,0,0,0,0,0,0
1760771166,0,0,0,0,0,0,0,0,0,0,0,0,0,0,0,0,0,0
1760771168,0,0,0,0,0,0,0,0,0,0,0,0,0,0,0,0,0,0
1760771170,0,0,0,0,0,0,0,0,0,0,0,0,0,0,0,0,0,0
1760771172,0,0,0,0,0,0,0,0,0,0,0,0,0,0,0,0,0,0
1760771174,0,0,0,0,0,0,0,0,0,0,0,0,0,0,0,0,0,0
1760771176,0,0,0,0,0,0,0,0,0,0,0,0,0,0,0,0,0,0
1760771178,0,0,0,0,0,0,0,0,0,0,0,0,0,0,0,0,0,0
1760771180,0,0,0,0,0,0,0,0,0,0,0,0,0,0,0,0,0,0
1760771182,0,0,0,0,0,0,0,0,0,0,0,0,0,0,0,0,0,0
1760771184,0,0,0,0,0,0,0,0,0,0,0,0,0,0,0,0,0,0
1760771186,0,0,0,0,0,0,0,0,0,0,0,0,0,0,0,0,0,0
1760771188,0,0,0,0,0,0,0,0,0,0,0,0,0,0,0,0,0,0
1760771190,0,0,0,0,0,0,0,0,0,0,0,0,0,0,0,0,0,0
1760771192,0,0,0,0,0,0,0,0,0,0,0,0,0,0,0,0,0,0
1760771194,0,0,0,0,0,0,0,0,0,0,0,0,0,0,0,0,0,0
1760771196,0,0,0,0,0,0,0,0,0,0,0,0,0,0,0,0,0,0
1760771198,0,0,0,0,0,0,0,0,0,0,0,0,0,0,0,0,0,0
1760771200,0,0,0,0,0,0,0,0,0,0,0,0,0,0,0,0,0,0
1760771202,0,0,0,0,0,0,0,0,0,0,0,0,0,0,0,0,0,0
1760771204,0,0,0,0,0,0,0,0,0,0,0,0,0,0,0,0,0,0
1760771206,0,0,0,0,0,0,0,0,0,0,0,0,0,0,0,0,0,0
1760771208,0,0,0,0,0,0,0,0,0,0,0,0,0,0,0,0,0,0
1760771210,0,0,0,0,0,0,0,0,0,0,0,0,0,0,0,0,0,0
1760771212,0,0,0,0,0,0,0,0,0,0,0,0,0,0,0,0,0,0
1760771214,0,0,0,0,0,0,0,0,0,0,0,0,0,0,0,0,0,0
1760771216,0,0,0,0,0,0,0,0,0,0,0,0,0,0,0,0,0,0
1760771218,0,0,0,0,0,0,0,0,0,0,0,0,0,0,0,0,0,0
1760771220,0,0,0,0,0,0,0,0,0,0,0,0,0,0,0,0,0,0
1760771222,0,0,0,0,0,0,0,0,0,0,0,0,0,0,0,0,0,0
1760771224,0,0,0,0,0,0,0,0,0,0,0,0,0,0,0,0,0,0
1760771226,0,0,0,0,0,0,0,0,0,0,0,0,0,0,0,0,0,0
1760771228,0,0,0,0,0,0,0,0,0,0,0,0,0,0,0,0,0,0
1760771230,0,0,0,0,0,0,0,0,0,0,0,0,0,0,0,0,0,0
1760771232,0,0,0,0,0,0,0,0,0,0,0,0,0,0,0,0,0,0
1760771234,0,0,0,0,0,0,0,0,0,0,0,0,0,0,0,0,0,0
1760771236,0,0,0,0,0,0,0,0,0,0,0,0,0,0,0,0,0,0
1760771238,0,0,0,0,0,0,0,0,0,0,0,0,0,0,0,0,0,0
1760771240,0,0,0,0,0,0,0,0,0,0,0,0,0,0,0,0,0,0
1760771242,0,0,0,0,0,0,0,0,0,0,0,0,0,0,0,0,0,0
1760771244,0,0,0,0,0,0,0,0,0,0,0,0,0,0,0,0,0,0
1760771246,0,0,0,0,0,0,0,0,0,0,0,0,0,0,0,0,0,0
1760771248,0,0,0,0,0,0,0,0,0,0,0,0,0,0,0,0,0,0
1760771250,0,0,0,0,0,0,0,0,0,0,0,0,0,0,0,0,0,0
1760771252,0,0,0,0,0,0,0,0,0,0,0,0,0,0,0,0,0,0
1760771254,0,0,0,0,0,0,0,0,0,0,0,0,0,0,0,0,0,0
1760771256,0,0,0,0,0,0,0,0,0,0,0,0,0,0,0,0,0,0
1760771258,0,0,0,0,0,0,0,0,0,0,0,0,0,0,0,0,0,0
1760771260,0,0,0,0,0,0,0,0,0,0,0,0,0,0,0,0,0,0
1760771262,0,0,0,0,0,0,0,0,0,0,0,0,0,0,0,0,0,0
1760771264,0,0,0,0,0,0,0,0,0,0,0,0,0,0,0,0,0,0
1760771266,0,0,0,0,0,0,0,0,0,0,0,0,0,0,0,0,0,0
1760771268,0,0,0,0,0,0,0,0,0,0,0,0,0,0,0,0,0,0
1760771270,0,0,0,0,0,0,0,0,0,0,0,0,0,0,0,0,0,0
1760771272,0,0,0,0,0,0,0,0,0,0,0,0,0,0,0,0,0,0
1760771274,0,0,0,0,0,0,0,0,0,0,0,0,0,0,0,0,0,0
1760771276,0,0,0,0,0,0,0,0,0,0,0,0,0,0,0,0,0,0
1760771278,0,0,0,0,0,0,0,0,0,0,0,0,0,0,0,0,0,0
1760771280,0,0,0,0,0,0,0,0,0,0,0,0,0,0,0,0,0,0
1760771282,0,0,0,0,0,0,0,0,0,0,0,0,0,0,0,0,0,0
1760771284,0,0,0,0,0,0,0,0,0,0,0,0,0,0,0,0,0,0
1760771286,0,0,0,0,0,0,0,0,0,0,0,0,0,0,0,0,0,0
1760771288,0,0,0,0,0,0,0,0,0,0,0,0,0,0,0,0,0,0
1760771290,0,0,0,0,0,0,0,0,0,0,0,0,0,0,0,0,0,0
1760771292,0,0,0,0,0,0,0,0,0,0,0,0,0,0,0,0,0,0
1760771294,0,0,0,0,0,0,0,0,0,0,0,0,0,0,0,0,0,0
1760771296,0,0,0,0,0,0,0,0,0,0,0,0,0,0,0,0,0,0
